"Property ID","Property Name","Room ID","Room Name","Item ID","Item Name","Purchase Date",Quantity,"Purchase Price","Current Price","Category Name","Policy ID","Policy Name","Policy Type",Brand,Model,"Serial Number",Notes,Created,Labels,Photos,PDFs
Property67312,"Svenska Klubben i Helsingfors",Room190961,"0/5 Stora K",Item562095,"Biljardbord i delar",,1,0.00,1000.00,Bord,,,,1880?,169x173x169x154,451,"Bordet kallas Kajsa, sliten, anv�ndning �verv�gs","2016-04-27 10:59:04",,,
Property67312,"Svenska Klubben i Helsingfors",Room190961,"0/5 Stora K",Item562075,"Biljardbord i ek, litet",,1,0.00,2000.00,Bord,,,,,"H 70 L 206 B 111",376,"Inkl övre delen?","2016-04-27 10:59:04",,,
Property67312,"Svenska Klubben i Helsingfors",Room190961,"0/5 Stora K",Item562096,"Biljardköer med stativ",,1,0.00,100.00,,,,,,,453,"Dåligt skick, flyttades av LG från vinden till källaren","2016-04-27 10:59:04",,,
Property67312,"Svenska Klubben i Helsingfors",Room190961,"0/5 Stora K",Item562098,Bokskåp,,2,0.00,50.00,Sk,,,,,"L 90 H 131 B 35",502,"Dåligt skick","2016-04-27 10:59:04",,,
Property67312,"Svenska Klubben i Helsingfors",Room190961,"0/5 Stora K",Item562086,"Bokskåp enkl m glasdörrar",,2,0.00,150.00,Sk,,,,,"L 163 H131 B35",412,,"2016-04-27 10:59:04",,,
Property67312,"Svenska Klubben i Helsingfors",Room190961,"0/5 Stora K",Item562074,"Bokskåp enkla glasdörrar",,5,0.00,100.00,Sk,,,,,"H 131,5 L 110, B 34,5",359,"OBS: ett i vita rummet 4 till Kruna sommaren 2014","2016-04-27 10:59:04",,,
Property67312,"Svenska Klubben i Helsingfors",Room190961,"0/5 Stora K",Item562085,"Bokskåp enkla med glasdörrar",,4,0.00,100.00,Sk,,,,,"L 135 H 131 B35",408,"Ett i vita rummet","2016-04-27 10:59:04",,,
Property67312,"Svenska Klubben i Helsingfors",Room190961,"0/5 Stora K",Item562097,"Bokskåp hör till 411 serien",,6,0.00,100.00,Sk,,,,,"L 110 H 131 B 35",501,"5 st i kallaren, ett i Vita rummet Daligt skick","2016-04-27 10:59:04",,,
Property67312,"Svenska Klubben i Helsingfors",Room190961,"0/5 Stora K",Item562084,"Bokskåp, trädörrar",,2,0.00,50.00,Sk,,,,1943?,"L71 H131 B35",407,,"2016-04-27 10:59:04",,,
Property67312,"Svenska Klubben i Helsingfors",Room190961,"0/5 Stora K",Item562083,"Bokskåpet enklare med glasdr",,2,0.00,150.00,Sk,,,,,"L157 H 131 B 35",406,"Ett i vita rummet!","2016-04-27 10:59:04",,,
Property67312,"Svenska Klubben i Helsingfors",Room190961,"0/5 Stora K",Item562088,"Bord, lätta fyrkantiga",,2,0.00,150.00,Bord,,,,,"H74 68x68",420,"Snickargruppen har renoverat dessa 2002","2016-04-27 10:59:04",,,
Property67312,"Svenska Klubben i Helsingfors",Room190961,"0/5 Stora K",Item562081,"Ekdörrar med lås och beslag",,2,0.00,250.00,,,,,"1980 talet","H210 B95",400,"Varifrifran ar dessa borttagna? Fragade redan Lennart.","2016-04-27 10:59:04",,,
Property67312,"Svenska Klubben i Helsingfors",Room190961,"0/5 Stora K",Item562082,"Eldhundar två par",,1,0.00,1000.00,,,,,,"1900 talet",404,"Utan korg, med spade+tang och 3 st spett","2016-04-27 10:59:04",,,
Property67312,"Svenska Klubben i Helsingfors",Room190961,"0/5 Stora K",Item562072,"Fåtölj Ottelin",,2,0.00,350.00,Stolar,,,,"1950 talet","H 84 B 65 L",309,"Liknande i kallaren, flyttade tillfalligt dit.","2016-04-27 10:59:04",,,
Property67312,"Svenska Klubben i Helsingfors",Room190961,"0/5 Stora K",Item562080,"Fönster med o utan glas f huset",,3,0.00,200.00,,,,,"1990 talet",,399,"Ett 170x60 utan glas obehandlad ek 2 st 77x99 gamla med glas","2016-04-27 10:59:04",,,
Property67312,"Svenska Klubben i Helsingfors",Room190961,"0/5 Stora K",Item562120,"Grappa skåp, två dörrar",,1,0.00,500.00,Sk,,,,"1900 talet","H 200 L 120 B 50",372,,"2016-04-27 10:59:04",,,
Property67312,"Svenska Klubben i Helsingfors",Room190961,"0/5 Stora K",Item562069,Järnport,,1,0.00,1000.00,,,,,"1960 talet","h 100x102",,"Smidd Järnport i 2 delar, gåva av Torsdagsvännerna på 1960 talet, till källaren 2000.","2016-04-27 10:59:04",,,
Property67312,"Svenska Klubben i Helsingfors",Room190961,"0/5 Stora K",Item562077,Karmstol,,16,0.00,250.00,Stolar,,,,Stockmann/Ottelin?,"H84 B53 L59",387,"�verkl�dda med gr�nt tyg, rygg med springa Fyra trasiga","2016-04-27 10:59:04",,,
Property67312,"Svenska Klubben i Helsingfors",Room190961,"0/5 Stora K",Item562094,"Klädhangare med hatthylla",,1,0.00,50.00,,,,,"1980 talet","L 130 H28 B23",440,"Pa vaggen","2016-04-27 10:59:04",,,
Property67312,"Svenska Klubben i Helsingfors",Room190961,"0/5 Stora K",Item562070,Klubbemblem,,1,0.00,200.00,,,,,,,54,"Design och utf�rande av Henrik Rosenius","2016-04-27 10:59:04",,,
Property67312,"Svenska Klubben i Helsingfors",Room190961,"0/5 Stora K",Item562073,"Lampetter 2-armade ej skärmar",,4,0.00,100.00,Armatur,,,,,"H32 B33 ut21",346,"Platsen skall kollas, kanske puben?","2016-04-27 10:59:04",,,
Property67312,"Svenska Klubben i Helsingfors",Room190961,"0/5 Stora K",Item562076,"Länstolar Olof Ottelin",,7,0.00,500.00,Stolar,,,,"Kervo snickeri Ottelin","H95 B72 L55",386,"Overklädda helt med grönt tyg. Purchased at: Stockmann","2016-04-27 10:59:04",,,
Property67312,"Svenska Klubben i Helsingfors",Room190961,"0/5 Stora K",Item562093,"Litet skåp av ek",,1,0.00,200.00,Sk,,,,,"H 100 L33 B27",431,"Skapet last, kan hora till Torsdagsvannerna","2016-04-27 10:59:04",,3z4uUeVkrX9ub81tq3ckS7.jpg,
Property67312,"Svenska Klubben i Helsingfors",Room190961,"0/5 Stora K",Item562092,"Lundin hylla",,1,0.00,50.00,Hyllor,,,,Lundia,"H 230 L 187 B 32",429,,"2016-04-27 10:59:04",,,
Property67312,"Svenska Klubben i Helsingfors",Room190961,"0/5 Stora K",Item562071,"Pelarskåp (för TV)",,1,0.00,300.00,Bord,,,,,h82x50x80,154,"Mörk betsad ek","2016-04-27 10:59:04",,,
Property67312,"Svenska Klubben i Helsingfors",Room190961,"0/5 Stora K",Item562089,"Rest. bord m spånskiva o träben",,2,0.00,50.00,Bord,,,,,"H71 L124 B75",423,Sliten,"2016-04-27 10:59:04",,,
Property67312,"Svenska Klubben i Helsingfors",Room190961,"0/5 Stora K",Item562091,"Soffbord runt mörkbets. raka ben",,1,0.00,100.00,Bord,,,,,"H61 diam 77",426,"Restaurerat 2004","2016-04-27 10:59:04",,,
Property67312,"Svenska Klubben i Helsingfors",Room190961,"0/5 Stora K",Item562090,"Spelbord med räfflade ben gront",,1,0.00,50.00,Bord,,,,,"H74 80x80",424,"Orenoverat, dåligt skick","2016-04-27 10:59:04",,,
Property67312,"Svenska Klubben i Helsingfors",Room190961,"0/5 Stora K",Item562079,"Stol barockstil grönt tyg",,1,0.00,500.00,Stolar,,,,"1800 talet","H121 B62 L63",395,"Restaurerat av snickargruppen 2002","2016-04-27 10:59:04",,,
Property67312,"Svenska Klubben i Helsingfors",Room190961,"0/5 Stora K",Item562078,"Stol utan armstöd, gammal modl",,1,0.00,150.00,Stolar,,,,"1800 talet","H 90 B 40 L42",393,"Möjl omklädd med med lederimitation","2016-04-27 10:59:04",,,
Property67312,"Svenska Klubben i Helsingfors",Room190961,"0/5 Stora K",Item562087,"Stor soffa Ottelin grönt ovantåg",,1,0.00,350.00,Soffor,,,,"Kervo snickeri","H78 L190 B70",417,"Purchased at: Stockmann","2016-04-27 10:59:04",,,
Property67312,"Svenska Klubben i Helsingfors",Room190962,"0/6 Vita Rummet",Item562108,"Bokskåp enkla m glasdörr",,1,0.00,150.00,Sk,,,,,"H 131 L 157 B 35",411,,"2016-04-27 10:59:04",,,
Property67312,"Svenska Klubben i Helsingfors",Room190962,"0/6 Vita Rummet",Item562114,"Bordslampa i stil med nr 61i bibl",,1,0.00,130.00,Armatur,,,,,,455,,"2016-04-27 10:59:04",,,
Property67312,"Svenska Klubben i Helsingfors",Room190962,"0/6 Vita Rummet",Item562113,"Bordslampa med svarv träfot, skarm",,2,0.00,100.00,Armatur,,,,"1960 talet","H90 B60",454,,"2016-04-27 10:59:04",,,
Property67312,"Svenska Klubben i Helsingfors",Room190962,"0/6 Vita Rummet",Item562102,"Färgtryck med biblisk motiv",,1,0.00,50.00,Other,,,,"T Avellan 1969","H 100 B 71",363,"Guld ram","2016-04-27 10:59:04",,,
Property67312,"Svenska Klubben i Helsingfors",Room190962,"0/6 Vita Rummet",Item562112,"Foto i guldram 5 men i soffa på kl",,1,0.00,50.00,,,,,,L40x31,446,"Historisk foto av kanda klubbmedlemmar, 4st andra onumrerade foton flyttades samtidigt 26.1.2010 till Vita rummet","2016-04-27 10:59:04",,,
Property67312,"Svenska Klubben i Helsingfors",Room190962,"0/6 Vita Rummet",Item562104,"Foto, Senator Fredrik Stjernvall",,1,0.00,50.00,Prydnadsf,,,,,"H 60 B 52",367,"(1845-1916) porträtt","2016-04-27 10:59:04",,,
Property67312,"Svenska Klubben i Helsingfors",Room190962,"0/6 Vita Rummet",Item562116,"Gröna lampkupor",,3,0.00,40.00,,,,,,,461,"Hör till taklampan, reserv.","2016-04-27 10:59:04",,,
Property67312,"Svenska Klubben i Helsingfors",Room190962,"0/6 Vita Rummet",Item562115,"Historisk plan över Stockholm",,1,0.00,30.00,,,,,,,460,"Hampspinnare lämnat 2002, väntar event inramning, sliten","2016-04-27 10:59:04",,,
Property67312,"Svenska Klubben i Helsingfors",Room190962,"0/6 Vita Rummet",Item562107,"Karmstol i ek",,1,0.00,250.00,Stolar,,,,"1800 talet?","H110 B60 L50",394,,"2016-04-27 10:59:04",,,
Property67312,"Svenska Klubben i Helsingfors",Room190962,"0/6 Vita Rummet",Item562106,"Kassaapparat antik med vev etc.",,1,0.00,500.00,,,,,"National 1604569","H71 L87 B52",385,"Väntar på vettigt användning!","2016-04-27 10:59:04",,,
Property67312,"Svenska Klubben i Helsingfors",Room190962,"0/6 Vita Rummet",Item562118,"Lampa, ampell i Jugendstil",,1,0.00,500.00,Armatur,,,,"1900 talet","H 83 B 24",474,"Upph�ngd i kedja, en lampa i glassk�len, Finns ej, s�ger Lennart. Purchased at: Galleria Helsingfors","2016-04-27 10:59:04",,,
Property67312,"Svenska Klubben i Helsingfors",Room190962,"0/6 Vita Rummet",Item562099,"Lampett likn. oljelykta på träskjöld",,1,0.00,150.00,Armatur,,,,"1980 talet","H 50 X B 29",214,,"2016-04-27 10:59:04",,,
Property67312,"Svenska Klubben i Helsingfors",Room190962,"0/6 Vita Rummet",Item562117,"Lampkupor av glas",,1,0.00,50.00,,,,,,,462,"Reserv till kronan i Pimpinellan, 2 hittades fr vinden 2.2.2004, en till Pimp sept 2004","2016-04-27 10:59:04",,,
Property67312,"Svenska Klubben i Helsingfors",Room190962,"0/6 Vita Rummet",Item562109,"Lundia hylla",,1,0.00,20.00,Hyllor,,,,,"H78 L83 B25",419,,"2016-04-27 10:59:04",,,
Property67312,"Svenska Klubben i Helsingfors",Room190962,"0/6 Vita Rummet",Item562119,"Reservtyg för röda soffa i TV rummet",,1,0.00,20.00,,,,,,,534,"En till tygrulle, gront tyg finns ocksa","2016-04-27 10:59:04",,,
Property67312,"Svenska Klubben i Helsingfors",Room190962,"0/6 Vita Rummet",Item562110,Skrivbord,,1,0.00,100.00,Bord,,,,"Billnas typ",,428,Sliten,"2016-04-27 10:59:04",,,
Property67312,"Svenska Klubben i Helsingfors",Room190962,"0/6 Vita Rummet",Item562111,"Skrivbordsstol, 3 ben halvrund",,1,0.00,1500.00,Stolar,,,,"1930 talet?","H79 B54 L48",432,"M�rkbetsat tr�, Morelius tror att en Saarinen design , sliten","2016-04-27 10:59:04",,,
Property67312,"Svenska Klubben i Helsingfors",Room190962,"0/6 Vita Rummet",Item562105,"Skrivmaskin Lettera",,1,0.00,100.00,,,,,"1960 ?",,371,"Med v�ska, har varit bibliotekets rekvisita","2016-04-27 10:59:04",,,
Property67312,"Svenska Klubben i Helsingfors",Room190962,"0/6 Vita Rummet",Item562100,"Torsdagsvännernas stadgetavla",,1,0.00,10.00,,,,,,H32x23,302,"Maskinskriven text inramad, till klubben dec 2007.","2016-04-27 10:59:04",,,
Property67312,"Svenska Klubben i Helsingfors",Room190962,"0/6 Vita Rummet",Item562101,"Tosdagsvännernas dikt 13.3.1942",,1,0.00,40.00,,,,,1942,A4,303,"Dikt skriven med blyerts event av Bertel Jung, antagligen ov?rdeligt! Vi sitta pa klubben och njuta trots sv?lt/ av samvarons harliga stammning/ ty rusande parlor i glasen man hallt/ och vi har dem tomt som om livet det gallt/ fouyan all ...","2016-04-27 10:59:04",,,
Property67312,"Svenska Klubben i Helsingfors",Room190962,"0/6 Vita Rummet",Item562103,"Tryck Pres Svinhuvud, stor ram",,1,0.00,50.00,Konst,,,,"1935 Otavan syvpaino","H 38,5 B 29",364,"D�ligt skick","2016-04-27 10:59:04",,,
Property67312,"Svenska Klubben i Helsingfors",Room190964,"1 Kruna",Item562123,Bardisk,,1,0.00,4000.00,,,,,,"H 115 L 400",550,"Koptes av Hampspinnare 2014","2016-04-27 10:59:04",,,
Property67312,"Svenska Klubben i Helsingfors",Room190964,"1 Kruna",Item562121,"Biljardspel-stativ, skåp for bollar",,1,0.00,1000.00,,,,,,,405,"Som rekvisita i Krunas bakre rum","2016-04-27 10:59:04",,5l0qlUstL4M9ei6OsSFOSS.jpg,
Property67312,"Svenska Klubben i Helsingfors",Room190964,"1 Kruna",Item562122,"Bokskap enkla (med glasdorrar)",,2,0.00,150.00,Sk,,,,,"L135 H 140 B35",409,"Togs i bruk i Krunan som barsk�p, utan glasdorrar","2016-04-27 10:59:04",,,
Property67312,"Svenska Klubben i Helsingfors",Room190964,"1 Kruna",Item562124,Glasdörr,,1,0.00,200.00,,,,,,,551,"Koptes av H, juni 2014","2016-04-27 10:59:04",,,
Property67312,"Svenska Klubben i Helsingfors",Room190964,"1 Kruna",Item562125,"Taklampor Ikea",,8,0.00,50.00,Armatur,,,,,"Diam ca 75 cm",552,,"2016-04-27 10:59:04",,,
Property67312,"Svenska Klubben i Helsingfors",Room190967,"1A Nedre Hallen Baren Trapphuset WC",Item561174,"Bardisk med hyllor",,1,0.00,4000.00,,,,,,"H 115 X L 400",159,"Ursprungligen från Ragni Rissanens tider","2016-04-27 10:59:04",,5PKMYiBYhiG5S4hJaLpx6U.jpg,
Property67312,"Svenska Klubben i Helsingfors",Room190967,"1A Nedre Hallen Baren Trapphuset WC",Item561168,"Barometer termometer etc",,1,0.00,150.00,,,,,,h50xb14,153,"Gåva av Hartwall 1976","2016-04-27 10:59:04",,1hCY1K2vR5bVZY0hvrmt4d.jpg,
Property67312,"Svenska Klubben i Helsingfors",Room190967,"1A Nedre Hallen Baren Trapphuset WC",Item561209,Barstol,,6,0.00,50.00,Stolar,,,,,"H 80x35x35",390,"En stol lagades i skick sommaren 2014,","2016-04-27 10:59:04",,5WGWOSqU6gH7b3SUvwQiYW.jpg,
Property67312,"Svenska Klubben i Helsingfors",Room190967,"1A Nedre Hallen Baren Trapphuset WC",Item561183,Blyglasmålning,,8,0.00,700.00,Konst,,,,,h104xb44,165,"Glasmålningar fran 1900 talet","2016-04-27 10:59:04",,3TuGjgJX3wWsb84jTTWBF0.jpg,
Property67312,"Svenska Klubben i Helsingfors",Room190967,"1A Nedre Hallen Baren Trapphuset WC",Item561129,"Blyglasmålning i fönster fyrdelad",,2,0.00,2000.00,Konst,,,,,"h 168x75",49,"Varje del har de angivna måtten","2016-04-27 10:59:04",,hO4TCxsmx7KV3VVvCAXMU.jpg,
Property67312,"Svenska Klubben i Helsingfors",Room190967,"1A Nedre Hallen Baren Trapphuset WC",Item561186,"Bord runt nyrenassans",,1,0.00,200.00,Bord,,,,,"Diam 62x h58",167,"Soffbord, Platsen bör kollas! RR kan flytta!","2016-04-27 10:59:04",,1iRMnL6vROOQzPkk6dAUb4.jpg,
Property67312,"Svenska Klubben i Helsingfors",Room190967,"1A Nedre Hallen Baren Trapphuset WC",Item561188,"Bordslampa med tygskärm",,2,0.00,150.00,Armatur,,,,,"h52 X b23",202,"Nyrokoko, Liknande lampor , 4st se 168","2016-04-27 10:59:04",,1mRtK4VcK1AEH6AxWxCxE5.jpg,
Property67312,"Svenska Klubben i Helsingfors",Room190967,"1A Nedre Hallen Baren Trapphuset WC",Item561132,"Bronsstaty PRO Patria",,1,0.00,7500.00,Konst,,,,"W Runeberg (1838-1920)",,51,"Miniatyr av skulpturen vid Alexander II staty på Senatstorget, skaffades till klubben via insamling av klubbmedlemmarna 1943.","2016-04-27 10:59:04",,4O8HoMevT6Xa6ZfbVi5lsj.jpg,
Property67312,"Svenska Klubben i Helsingfors",Room190967,"1A Nedre Hallen Baren Trapphuset WC",Item561216,"Gångmatta och mattor i trappan",,3,0.00,500.00,Mattor,,,,,,443,,"2016-04-27 10:59:04",,,
Property67312,"Svenska Klubben i Helsingfors",Room190967,"1A Nedre Hallen Baren Trapphuset WC",Item561222,"Glaskupa för taklampan i Jugend",,1,0.00,150.00,,,,,"1920 talet","H 20 B10",473,"Reservdel. Purchased at: Old Times","2016-04-27 10:59:04",,,
Property67312,"Svenska Klubben i Helsingfors",Room190967,"1A Nedre Hallen Baren Trapphuset WC",Item561225,Golvlampa,,1,500.00,600.00,Armatur,,,,"1900 talet","H 150",513,"Fick skärmar efteråt på sommaren 2006. Purchased at: Antikmässan 2.3.2006","2016-04-27 10:59:04",,4dOZ0ei6N6tmKRBSVLjpRH.jpg,
Property67312,"Svenska Klubben i Helsingfors",Room190967,"1A Nedre Hallen Baren Trapphuset WC",Item561180,"Handknuten matta",,1,0.00,1800.00,Mattor,,,,,,164,"Inköpt av restaurangen efter 1990, till Klubben juni 2014 Ljusrödare än nr 163","2016-04-27 10:59:04",,,
Property67312,"Svenska Klubben i Helsingfors",Room190967,"1A Nedre Hallen Baren Trapphuset WC",Item561153,"Karmstol barockstil",,1,0.00,700.00,Stolar,,,,,"H 107xb 65x L67",146,"Blommig ovantåg, restaurerad av snickargruppen samt Tähtinen 2005, Prima skick","2016-04-27 10:59:04",,,
Property67312,"Svenska Klubben i Helsingfors",Room190967,"1A Nedre Hallen Baren Trapphuset WC",Item561159,"Lampett med 2 lampor",,4,0.00,250.00,Armatur,,,,,b36x30,149,"Lampetter av olika modell","2016-04-27 10:59:04",,2Q2arqbcxMkLfT6NikQn8T.jpg,
Property67312,"Svenska Klubben i Helsingfors",Room190967,"1A Nedre Hallen Baren Trapphuset WC",Item561162,"Lampett med en lampkupa",,2,0.00,200.00,Armatur,,,,,,150,,"2016-04-27 10:59:04",,,
Property67312,"Svenska Klubben i Helsingfors",Room190967,"1A Nedre Hallen Baren Trapphuset WC",Item561147,"Länstolar med rött ovantag",,6,0.00,1000.00,Stolar,,,,,H90xb70xL70,142,,"2016-04-27 10:59:04",,,
Property67312,"Svenska Klubben i Helsingfors",Room190967,"1A Nedre Hallen Baren Trapphuset WC",Item561135,"Litografi Uppsala Akademikvarter",,1,0.00,150.00,Konst,,,,"M Paulii 1926",h25x25,115,,"2016-04-27 10:59:04",,,
Property67312,"Svenska Klubben i Helsingfors",Room190967,"1A Nedre Hallen Baren Trapphuset WC",Item561138,"Litografi Uppsala Slott",,1,0.00,150.00,Konst,,,,"M Paulii 1926","H 18x 24,5",116,,"2016-04-27 10:59:04",,,
Property67312,"Svenska Klubben i Helsingfors",Room190967,"1A Nedre Hallen Baren Trapphuset WC",Item561228,"Matta iransk",,1,0.00,550.00,Mattor,,,,Iran,170x200,519,"Inköpt av Henry W och Dag W. Stockmann galna dagar 2006","2016-04-27 10:59:04",,,
Property67312,"Svenska Klubben i Helsingfors",Room190967,"1A Nedre Hallen Baren Trapphuset WC",Item561191,"Matta Wilton",,1,0.00,200.00,Mattor,,,,Wilton,235x170,209,"Invid dam WC","2016-04-27 10:59:04",,,
Property67312,"Svenska Klubben i Helsingfors",Room190967,"1A Nedre Hallen Baren Trapphuset WC",Item561171,Nyrenässaspegel,,1,0.00,700.00,Speglar,,,,,"h 188x67",156,,"2016-04-27 10:59:04",,,
Property67312,"Svenska Klubben i Helsingfors",Room190967,"1A Nedre Hallen Baren Trapphuset WC",Item561177,"Oljemålning barockänglar leker",,1,0.00,1300.00,Konst,,,,,h72xb120,161,"Målning ovanför öppna spisen Kallas aven Puttis, som leker i naturen,Putsad och renoverad 2003, år 2011 ansågs ny rengöring ej nödvändig","2016-04-27 10:59:04",,3LvI3moMWeTotV4vzaprLH.jpg,
Property67312,"Svenska Klubben i Helsingfors",Room190967,"1A Nedre Hallen Baren Trapphuset WC",Item561194,"Pelarbord med marmorskiva",,2,0.00,500.00,Bord,,,,"1900 talet","H 68x 40x40",224,"Som nr 140, summa 7 st","2016-04-27 10:59:04",,OD6LXqAj4tJSkXodfEFcf.jpg,
Property67312,"Svenska Klubben i Helsingfors",Room190967,"1A Nedre Hallen Baren Trapphuset WC",Item561197,"Ritning i färg Klubbhuset 1900",,1,0.00,600.00,Konst,,,,"ar 1900","H 100 b 64",320,"Invid ""invalidinngången""","2016-04-27 10:59:04",,46kkE1181YBBjUv41pXXZT.jpg,
Property67312,"Svenska Klubben i Helsingfors",Room190967,"1A Nedre Hallen Baren Trapphuset WC",Item561200,"Ritning Klubbhuset genomskär",,1,0.00,600.00,Konst,,,,"Ar 1900","H 98 B 63",321,"Omramad etc. 2000","2016-04-27 10:59:04",,6QB8xmzO4Z8BJ6TTsRuh1w.jpg,
Property67312,"Svenska Klubben i Helsingfors",Room190967,"1A Nedre Hallen Baren Trapphuset WC",Item561150,"Runt bord nyrenessans",,1,0.00,800.00,Bord,,,,"Antagligen 1800 talets slut","Diam 62 h 77",145,"Renoverades och polerades hos Tahtinen 2005 for en kostnad av 225 e.","2016-04-27 10:59:04",,,
Property67312,"Svenska Klubben i Helsingfors",Room190967,"1A Nedre Hallen Baren Trapphuset WC",Item561143,"Sidebord grönaktig marmoskiva",,7,0.00,500.00,Bord,,,,,39x39xh70,140,"Fyrkantiga, Krogaren har flyttat dessa till olika rum","2016-04-27 10:59:04",,,
Property67312,"Svenska Klubben i Helsingfors",Room190967,"1A Nedre Hallen Baren Trapphuset WC",Item561272,"Skänkskåp med matmorskiva",,1,0.00,1500.00,Sk,,,,,h93xL240xb50,199,"Innehåller Pimpinellas rekvisita","2016-04-27 10:59:04",,,
Property67312,"Svenska Klubben i Helsingfors",Room190967,"1A Nedre Hallen Baren Trapphuset WC",Item561140,"Soffa i nybarockstil",,1,0.00,1500.00,Soffor,,,,,L200xh135xb90,139,"Med blommig ovant�g, stoppad","2016-04-27 10:59:04",,4cIX1g2slUQaddIRJqU1Gz.jpg,
Property67312,"Svenska Klubben i Helsingfors",Room190967,"1A Nedre Hallen Baren Trapphuset WC",Item561212,"Stor karmstol likn soffan i nedr",,1,0.00,600.00,Stolar,,,,,"H108 B66 L68",396,"En liknande stol vid portiersdisken (2010 talet)","2016-04-27 10:59:04",,,
Property67312,"Svenska Klubben i Helsingfors",Room190967,"1A Nedre Hallen Baren Trapphuset WC",Item561206,"Takkrona 6 arm, brons",,1,0.00,900.00,Armatur,,,,"1800 talet","H 75 B 70",345,"Mera smyckad �n 344","2016-04-27 10:59:04",,,
Property67312,"Svenska Klubben i Helsingfors",Room190967,"1A Nedre Hallen Baren Trapphuset WC",Item561203,"Takkrona i brons 8 armad ej sk",,2,0.00,1200.00,Armatur,,,,"1920 talet","H 85 B 95",344,"Till nedre hallen 2004, �gare kanske MM","2016-04-27 10:59:04",,,
Property67312,"Svenska Klubben i Helsingfors",Room190967,"1A Nedre Hallen Baren Trapphuset WC",Item561219,"Taklampa trearmad Jugendstil",,1,0.00,1200.00,Armatur,,,,"1920 talet, brons","H 90 B 60",472,"Lampsk�rmar av glas Ink�pt av HW med anl. av reparationen 2004. Purchased at: Galleria Helsingfors","2016-04-27 10:59:04",,,
Property67312,"Svenska Klubben i Helsingfors",Room190967,"1A Nedre Hallen Baren Trapphuset WC",Item561156,Tidningsställ,,1,0.00,100.00,,,,,,h49x46x43,147,,"2016-04-27 10:59:04",,,
Property67312,"Svenska Klubben i Helsingfors",Room190967,"1A Nedre Hallen Baren Trapphuset WC",Item561165,"Väggur ek jugend",,1,0.00,600.00,Klockor,,,,"1900 talet",h84xb40,152,"Reparerad och servad hos Widemark 2001 och 2014","2016-04-27 10:59:04",,,
Property67312,"Svenska Klubben i Helsingfors",Room190944,"1B Pimpinellan",Item561240,"Blyglas i fönstret, tudelad",,1,0.00,2000.00,Konst,,,,Glasmålning,"h ca. 180xb ca. 77",48,"Väg till slott, Jugendinspirerad","2016-04-27 10:59:04",,,
Property67312,"Svenska Klubben i Helsingfors",Room190944,"1B Pimpinellan",Item561255,"Färgteckn Hvila vid denna källa",,1,0.00,500.00,Konst,,,,"Bruno Aspelin 1900",,191,"Donator Georg Hackman 23.3.1935 Omsköttes som nr 190. Gåva 1935","2016-04-27 10:59:04",,,
Property67312,"Svenska Klubben i Helsingfors",Room190944,"1B Pimpinellan",Item561249,"Färgteckning Carl Mikael Bellman",,1,0.00,400.00,Konst,,,,"Bruno Aspelin (1870-1941)",h39x27,189,"Blandteknik på lakantyg, ej signerad. Enl. Morelius detta hör till Chewitz serie Fredmans epistlar och detta är titelbladet, Bruno Aspelin gjorde detta (antecknade LG 23.4.2001)","2016-04-27 10:59:04",,,
Property67312,"Svenska Klubben i Helsingfors",Room190944,"1B Pimpinellan",Item561261,"Färgteckning Fader Bergström",,1,0.00,350.00,Konst,,,,"E Chewitz copia Bruno Aspelin","h17,5x13",193,"Donator Knut von Hertzen till Frukostgillet Pimpinellan, omskött som nr 190","2016-04-27 10:59:04",,,
Property67312,"Svenska Klubben i Helsingfors",Room190944,"1B Pimpinellan",Item561263,"Färgteckning Konserten på tre byttor",,1,0.00,500.00,Konst,,,,"Efter Marstrad copia Br Aspelin",h21x26,194,"På frånsidan: donator Bruno Aspelin 6.4.1935, till Pimpinellan, omskött som nr190","2016-04-27 10:59:04",,,
Property67312,"Svenska Klubben i Helsingfors",Room190944,"1B Pimpinellan",Item561252,"Färgteckning Riddare Eden",,1,0.00,500.00,Konst,,,,,h21x27,190,"Riddare Edens aflaggande i ordenskapitlet. Pimpinellan betalade for putsning + ny passepartouet på alla 5 bilder 2003, kontakt Guy Stenbäck (kan hora till Pimpinella sällskapet)","2016-04-27 10:59:04",,,
Property67312,"Svenska Klubben i Helsingfors",Room190944,"1B Pimpinellan",Item561258,"Färgteckning Ulla Winblad",,1,0.00,350.00,Konst,,,,"E Chewitz kopia av Bruno Aspelin","h18x13,5",192,"På frånsidan: Donator Knut von Hertzen till Frukostklubben Pimpinella. Omskött 2003 som nr 190","2016-04-27 10:59:04",,,
Property67312,"Svenska Klubben i Helsingfors",Room190944,"1B Pimpinellan",Item561284,"Fotoporträtt Ossian Donner",,1,0.00,150.00,Prydnadsf,,,,Museiverket,"H 32 B 21",515,"Kopia av fotot i Meseiverkets arkiv, Presenterades till klubben 15.11.2007 av Henry W.","2016-04-27 10:59:04",,,
Property67312,"Svenska Klubben i Helsingfors",Room190944,"1B Pimpinellan",Item561281,Glasmålning,,1,0.00,13000.00,Konst,,,,"Lennart Segestrale1924","H 197 B 182",476,"Föreställer Gottfried Wetterstrand under sin favorithobby jakt med hund. I fyra delar, infattad i fönstret","2016-04-27 10:59:04",,4UaKLfv0PbYvdCUl0akO6I.jpg,
Property67312,"Svenska Klubben i Helsingfors",Room190944,"1B Pimpinellan",Item561231,"Heliogravyr Björneborg. marsch",,1,0.00,700.00,Konst,,,,"Albert Edelfelt sign. (1854-1905)","h 54x41",45,"Ny passepartout 2002 av Artegrafica","2016-04-27 10:59:04",,,
Property67312,"Svenska Klubben i Helsingfors",Room190944,"1B Pimpinellan",Item561234,"Heliogravyr Fiskare i segelbåt",,1,0.00,700.00,Konst,,,,"Albert Edelfelt sign.","h 50x45",46,"Ny passepartout 2002 Artegrafica","2016-04-27 10:59:04",,,
Property67312,"Svenska Klubben i Helsingfors",Room190944,"1B Pimpinellan",Item561237,"Heliogravyr Hertig Karl skymfar...",,1,0.00,700.00,Konst,,,,"Albert Adelfelt sign.","h 35x45",47,"Hertig Karl skymfar Klaus Flemings lik Ny passepartout 2002 Artegrafica","2016-04-27 10:59:04",,,
Property67312,"Svenska Klubben i Helsingfors",Room190944,"1B Pimpinellan",Item561275,"Kassaskåp infällt i väggen",,1,0.00,1000.00,Sk,,,,"1800 talet","H 150 B 100",203,"Se 100 ars historik s. 95","2016-04-27 10:59:04",,,
Property67312,"Svenska Klubben i Helsingfors",Room190944,"1B Pimpinellan",Item561243,"Oljemålning Vallinkoski",,1,0.00,7000.00,Konst,,,,"Berndt Lindholm 1872","h 123 X 210",100,"Kopia originalet ii Statsrådets festvåning, Gåva av dir Sven Erik Broman 1932","2016-04-27 10:59:04",,,
Property67312,"Svenska Klubben i Helsingfors",Room190944,"1B Pimpinellan",Item561278,"Pelarbord med marmorskiva",,1,0.00,500.00,Bord,,,,,"H 68 X 40 x40, tj 2 cm",223,"Likadana bord på andra platser i huset, Marmori Törrönen gjorde 3 nya och reparerade en marmoskiva 2002, Snickargruppen bidrog också.","2016-04-27 10:59:04",,,
Property67312,"Svenska Klubben i Helsingfors",Room190944,"1B Pimpinellan",Item561269,"Skänkskåp med marmorskiva",,1,0.00,1500.00,Sk,,,,"1950 talet","h 103xL110xb50",198,"Möbeln dekorerad med bronsbladlyra, som de andra i denna grupp bestående av tre möbler, kan innehalla Pimpinellas rekvisita, låst?.","2016-04-27 10:59:04",,,
Property67312,"Svenska Klubben i Helsingfors",Room190944,"1B Pimpinellan",Item561266,"Skåp Mahogny glasdörrar",,1,0.00,1900.00,Sk,,,,"1950 talet","h 155x 130 x 45",197,"Empire stil eller nyklassisk, prima skick","2016-04-27 10:59:04",,,
Property67312,"Svenska Klubben i Helsingfors",Room190944,"1B Pimpinellan",Item561246,"Takkronor sexarmade",,2,0.00,2000.00,Armatur,,,,,"h 120 diameter 90",183,"Med ""filigrankupor"" Olika uppåtvänd matt nedåtvänd med filigrankupor eller vita ränder på i princip klart glas","2016-04-27 10:59:04",,,
Property67312,"Svenska Klubben i Helsingfors",Room190945,"1C Donner",Item561293,"Bokskåp i tva delar",,1,0.00,2500.00,Sk,,,,"1850 talet ?","h220xL 190 X b 56",126,,"2016-04-27 10:59:04",,11wFMzQhA2jMGBr1McYhBO.jpg,
Property67312,"Svenska Klubben i Helsingfors",Room190945,"1C Donner",Item561318,"Fotoporträtt av Violet och Ossian Donner",,1,0.00,150.00,Prydnadsf,,,,Museiverket,"H 27,5 B 19",516,"På baksidan en kort presentation, annors data se 515 Obs. Kan även förvaras i Sannis kontor av säkerhetsskäl!","2016-04-27 10:59:04",,,
Property67312,"Svenska Klubben i Helsingfors",Room190945,"1C Donner",Item561290,"Krona i Barockstil 6 armad",,1,0.00,700.00,Armatur,,,,,"H 50 X b 68",125,,"2016-04-27 10:59:04",,,
Property67312,"Svenska Klubben i Helsingfors",Room190945,"1C Donner",Item561315,Läderfåtöljer,,4,0.00,1000.00,Stolar,,,,"2005 Italien",Natuzzi,504,"Tunga fåtoljer, 2 St i Lilla matsalen och 2 st i Donnerska rummet, platserna varierar enligt behov, köpt fr. Vepsäläinen","2016-04-27 10:59:04",,,
Property67312,"Svenska Klubben i Helsingfors",Room190945,"1C Donner",Item561296,"Ledhund eller kolstativ",,1,0.00,450.00,,,,,,h31xb36xut28,137,,"2016-04-27 10:59:04",,,
Property67312,"Svenska Klubben i Helsingfors",Room190945,"1C Donner",Item561287,Oljemålning,,1,0.00,7000.00,Konst,,,,"Sign. Gemildo på ryska","h 50 X 67",72,"Enligt inventur 1986: gåva till Lördagssällskapet av Toto Holm, Restaurerad av Kaj Nylund 1999","2016-04-27 10:59:04",,,
Property67312,"Svenska Klubben i Helsingfors",Room190945,"1C Donner",Item561303,"Oljemålning Flicka med parasoll",,1,967.00,1500.00,Konst,,,,"Ole Larsson (1863-1939) Sverige","H 27,5 B 48",469,"Olja på duk, glad ljus målning, inköpt såsom föregående nr 466-468, fr Bukowskis Stockholm","2016-04-27 10:59:04",,,
Property67312,"Svenska Klubben i Helsingfors",Room190945,"1C Donner",Item561299,"Oljemålning Tidningsläsande man",,1,1988.00,2000.00,Konst,,,,"John H E Partington, England","H78 B51",468,"Olja på duk, Partington (1843-99), vacker guldram, samma anskaffning som 466. fr Bukowskis Stockholm","2016-04-27 10:59:04",,,
Property67312,"Svenska Klubben i Helsingfors",Room190945,"1C Donner",Item561311,"Oljemålning Värdshusinteriör",,1,2000.00,2500.00,Konst,,,,"William Shayer 1811-92 England","H 35 B 50 (bilden)",503,"Henry W köpte fr Stocholm, klubben löste in den för samma pris. Solveig Lindquist har konserverat 2005","2016-04-27 10:59:04",,,
Property67312,"Svenska Klubben i Helsingfors",Room190945,"1C Donner",Item561321,"Tavelkopia Bröllopsresa i Italien",,1,0.00,500.00,Konst,,,,Museokuva/Artegrafica,"H 91x 71",517,"Paret Donner vid Medelhavet, original oljemålning 1922 av Sir John Lavrey, på Chritie's auktion saldes den 12.5.2006 för 1.339.883 euro. Lov för kopiering erhålls via Barbro Schauman. Mera info bakom tavlan.","2016-04-27 10:59:04",,25NqT2JhhBD0FWM1STWzgA.jpg,
Property67312,"Svenska Klubben i Helsingfors",Room190945,"1C Donner",Item561305,"Tavla Smygrökare",,1,917.12,1200.00,Konst,,,,"Killan Zoll (1818-60) Sverige","H46 B 34,5",470,"Olja pa duk, inkopt med anledning av renoveringen 2004. Purchased at: Bukowski-Horhammer Hfors","2016-04-27 10:59:04",,,
Property67312,"Svenska Klubben i Helsingfors",Room190946,"1D Lilla Matsalen",Item561395,"Adolf Fredrik",,1,0.00,150.00,Konst,,,,,,491,"Regent serie","2016-04-27 10:59:04",,,
Property67312,"Svenska Klubben i Helsingfors",Room190946,"1D Lilla Matsalen",Item561378,"Axel Oxenstjärna",,1,0.00,150.00,Konst,,,,,,484,,"2016-04-27 10:59:04",,,
Property67312,"Svenska Klubben i Helsingfors",Room190946,"1D Lilla Matsalen",Item561351,"Barockbord med fanerskiva",,3,0.00,450.00,Bord,,,,,L125xb80xh76,124,"MM kan vara intresserad av dessa. (Som agare?). Ett bord med 175 cm lang skiva.","2016-04-27 10:59:04",,,
Property67312,"Svenska Klubben i Helsingfors",Room190946,"1D Lilla Matsalen",Item561357,"Bord med svarvade ben",,5,0.00,500.00,Bord,,,,"1920 talet","H77x L 120x b80",195,,"2016-04-27 10:59:04",,,
Property67312,"Svenska Klubben i Helsingfors",Room190946,"1D Lilla Matsalen",Item561333,"Bronslampetter 2-armade",,4,0.00,400.00,Armatur,,,,,"Barock stil h35xb40",105,"Med sk?rm","2016-04-27 10:59:04",,6xthRiIW02x9nQaUzUvV9k.jpg,
Property67312,"Svenska Klubben i Helsingfors",Room190946,"1D Lilla Matsalen",Item561336,Bronsstaty,,1,0.00,3000.00,Konst,,,,"Walter Runeberg (1838-1920)",H52xb30,111,,"2016-04-27 10:59:04",,,
Property67312,"Svenska Klubben i Helsingfors",Room190946,"1D Lilla Matsalen",Item561384,"Carl X",,1,0.00,150.00,Konst,,,,,,486,"Serien regenter","2016-04-27 10:59:04",,,
Property67312,"Svenska Klubben i Helsingfors",Room190946,"1D Lilla Matsalen",Item561387,"Carl X",,1,0.00,150.00,Konst,,,,,,487,"Regent serie","2016-04-27 10:59:04",,,
Property67312,"Svenska Klubben i Helsingfors",Room190946,"1D Lilla Matsalen",Item561389,"Carl XI",,1,0.00,150.00,Konst,,,,,,488,,"2016-04-27 10:59:04",,,
Property67312,"Svenska Klubben i Helsingfors",Room190946,"1D Lilla Matsalen",Item561404,"Carl XII",,1,0.00,150.00,Konst,,,,,,494,"Regent serie","2016-04-27 10:59:04",,,
Property67312,"Svenska Klubben i Helsingfors",Room190946,"1D Lilla Matsalen",Item561407,"Carl XIV",,1,0.00,150.00,Konst,,,,,,495,"Regent serie","2016-04-27 10:59:04",,,
Property67312,"Svenska Klubben i Helsingfors",Room190946,"1D Lilla Matsalen",Item561381,Christina,,1,0.00,150.00,Konst,,,,,,,"Serie regenter","2016-04-27 10:59:04",,,
Property67312,"Svenska Klubben i Helsingfors",Room190946,"1D Lilla Matsalen",Item561348,"Eldstads saker",,1,0.00,1500.00,,,,,,,122,"Fond, kolhallare och brashundar, tot 5 foremal","2016-04-27 10:59:04",,6H0IfeFdlUDNQjF0qDUSqi.jpg,
Property67312,"Svenska Klubben i Helsingfors",Room190946,"1D Lilla Matsalen",Item561366,"Erik XIV",,1,0.00,150.00,Konst,,,,,,480,,"2016-04-27 10:59:04",,,
Property67312,"Svenska Klubben i Helsingfors",Room190946,"1D Lilla Matsalen",Item561392,Fredrik,,1,0.00,150.00,Konst,,,,,,490,"Regent serie","2016-04-27 10:59:04",,,
Property67312,"Svenska Klubben i Helsingfors",Room190946,"1D Lilla Matsalen",Item561375,"Gustav II Adolf",,1,0.00,150.00,Konst,,,,,,483,"H�r till serien regenter","2016-04-27 10:59:04",,,
Property67312,"Svenska Klubben i Helsingfors",Room190946,"1D Lilla Matsalen",Item561398,"Gustav III",,1,0.00,150.00,Konst,,,,,,492,"Regent serie","2016-04-27 10:59:04",,,
Property67312,"Svenska Klubben i Helsingfors",Room190946,"1D Lilla Matsalen",Item561401,"Gustav IV Adolf",,1,0.00,150.00,Konst,,,,,,493,"Regent serie","2016-04-27 10:59:04",,,
Property67312,"Svenska Klubben i Helsingfors",Room190946,"1D Lilla Matsalen",Item561369,"Johan III",,1,0.00,150.00,Konst,,,,,,481,"Serien regenter","2016-04-27 10:59:04",,,
Property67312,"Svenska Klubben i Helsingfors",Room190946,"1D Lilla Matsalen",Item561360,"Kista lackad med kraftiga beslag",,1,0.00,900.00,,,,,"1800 talet","H56 L116 B53",200,"Innehåller Pimpinellas rekvisita, placerad vid fönsret","2016-04-27 10:59:04",,56yFsxVbnF0VuFRhCVubNc.jpg,
Property67312,"Svenska Klubben i Helsingfors",Room190946,"1D Lilla Matsalen",Item561324,"Kopparstick ""Slaget vid Arbela""",,1,0.00,900.00,Konst,,,,"Gerard Audran, etsning","h 76x186",50,"Se: Meddelanden 1/1983 Solveig Lindqvist putsade och ramade 2004","2016-04-27 10:59:04",,,
Property67312,"Svenska Klubben i Helsingfors",Room190946,"1D Lilla Matsalen",Item561345,"Litografi diverse Hfors motiv",,6,0.00,700.00,Konst,,,,,,119,,"2016-04-27 10:59:04",,,
Property67312,"Svenska Klubben i Helsingfors",Room190946,"1D Lilla Matsalen",Item561354,"Matta Wilton",,1,0.00,250.00,Mattor,,,,,350x225,163,"Antas vara G�va av klubbens st�ndiga medlemmar, se 100 �rs ber�ttelse s. 166 Tv� liknande i klubbv�ningen.","2016-04-27 10:59:04",,,
Property67312,"Svenska Klubben i Helsingfors",Room190946,"1D Lilla Matsalen",Item561410,Oscar,,1,0.00,150.00,Konst,,,,,,496,"Regent serie","2016-04-27 10:59:04",,,
Property67312,"Svenska Klubben i Helsingfors",Room190946,"1D Lilla Matsalen",Item561416,"Oscar I",,1,0.00,150.00,Konst,,,,,,,"Regent serie","2016-04-27 10:59:04",,,
Property67312,"Svenska Klubben i Helsingfors",Room190946,"1D Lilla Matsalen",Item561413,"Oscar XV",,1,0.00,150.00,Konst,,,,,,,"Regent serie","2016-04-27 10:59:04",,,
Property67312,"Svenska Klubben i Helsingfors",Room190946,"1D Lilla Matsalen",Item561372,Sigismund,,1,0.00,150.00,Konst,,,,,,482,"Serie regenter","2016-04-27 10:59:04",,,
Property67312,"Svenska Klubben i Helsingfors",Room190946,"1D Lilla Matsalen",Item561327,"Takkrona i brons 8 arm. Elektr.",,1,0.00,1500.00,Armatur,,,,"1920 talet ?","h 85- b80",104,,"2016-04-27 10:59:04",,39f3Df98MFH0JL0s6ytKGi.jpg,
Property67312,"Svenska Klubben i Helsingfors",Room190946,"1D Lilla Matsalen",Item561342,"Vaxreliefer, 3 st till",,3,0.00,150.00,Konst,,,,"Sverige 1800/1900","Diam 10",114,"Svenska kungaporträtt + Axel Oxenstjerna Se Meddelanden 4/1979 Svart tr?underlag och buktigt skyddsglas med förgylld text","2016-04-27 10:59:04",,,
Property67312,"Svenska Klubben i Helsingfors",Room190943,"1E Köket",Item561419,Gasspis,,1,0.00,2000.00,,,,,,"Ca L200x 100x 90",553,"Kopt av H sommaren 2014","2016-04-27 10:59:04",,,
Property67312,"Svenska Klubben i Helsingfors",Room190943,"1E Köket",Item561428,Kallskåp,,2,0.00,800.00,Sk,,,,,,556,"Kopt av Ha","2016-04-27 10:59:04",,,
Property67312,"Svenska Klubben i Helsingfors",Room190943,"1E Köket",Item561431,Vägghyllor,,6,0.00,100.00,Hyllor,,,,,,,"Kopt av Ha","2016-04-27 10:59:04",,,
Property67312,"Svenska Klubben i Helsingfors",Room190948,"2E Elisabetsalen",Item561496,"Kristallkrona 12ljusarmar elektr",,2,0.00,2000.00,Armatur,,,,,"H ca 70 X b ca 75",96,,"2016-04-27 10:59:04",,6dPTZNDo2rBpyqVdbN5yAN.jpg,
Property67312,"Svenska Klubben i Helsingfors",Room190948,"2E Elisabetsalen",Item561504,"Oljemåln Interiör med elegant sallsk",,1,3181.00,4000.00,Konst,,,,"1800 talets Holland","H 72 B 60",468,"Oljemålning pa duk, Holland, utförd i Pieter de Hoochs (1629-81) stil (Hans Art), anskaffning se 466 och 467, Bukowskis Stockholm","2016-04-27 10:59:04",,4SIH0eMRcxAJBYiKVM3JJZ.jpg,
Property67312,"Svenska Klubben i Helsingfors",Room190948,"2E Elisabetsalen",Item561507,"Oljemålning Herdar på stranden",,1,0.00,1800.00,Konst,,,,"Okänd mästare","H 100 B 88",511,"Signeringen kan ej förtydligas, verkligen stor och pralig tavelram","2016-04-27 10:59:04",,6QMYKzyXRgfRxTztO29VT4.jpg,
Property67312,"Svenska Klubben i Helsingfors",Room190948,"2E Elisabetsalen",Item561498,"Praktspegel 1920 talet",,1,0.00,3000.00,Speglar,,,,,"Inkl ram h260x112",98,"Med guldram heltglas och marmor""fot"" Foten l 109x b31 x h50","2016-04-27 10:59:04",,2eJxAaLGhCQjZOop1mDYQK.jpg,
Property67312,"Svenska Klubben i Helsingfors",Room190948,"2E Elisabetsalen",Item561501,"Praktspegel vit träram",,1,0.00,2000.00,Speglar,,,,,"H 325 X 155",99,"Ramen med rikliga gyllene rosen dekorationer Ursprungliga agare forskringsradet Knut von Hertzen (enl. P-E Floman 2008). Gåva 2008","2016-04-27 10:59:04",,4TXnnwNTYu5HdfhIKthFh2.jpg,
Property67312,"Svenska Klubben i Helsingfors",Room190948,"2E Elisabetsalen",Item561492,"Restaurangbord smått",,2,0.00,100.00,Bord,,,,,L62xb75xh71,95,"Av Hamspinnare 2014","2016-04-27 10:59:04",,,
Property67312,"Svenska Klubben i Helsingfors",Room190948,"2E Elisabetsalen",Item561489,"Restaurangbord stora",,10,0.00,150.00,Bord,,,,,"L 125x75xh71",94,"Av Hampspinnare 2014","2016-04-27 10:59:04",,,
Property67312,"Svenska Klubben i Helsingfors",Room190948,"2E Elisabetsalen",Item561523,"Vinterlandskap Kuusamo Julmaölkky",,1,0.00,9500.00,Konst,,,,,"h 97x73",8,"Oljemalning av Maexmontan Frans 1847-1901","2016-04-27 10:59:04",,5jXH7SCUsfVKlU1uR4IAnR.jpg,
Property67312,"Svenska Klubben i Helsingfors",Room190947,"2F Korridoren WC Hj",Item1202599,Defibrillator,11/16/2016,1,0.00,1500.00,Electronics,,,,"Zoll AED Plus",,,"Donation av Johannitorden, slutlig placering besluts våren 2017 nu hos rest chef Jouti! Medidyne Oy, Julle Oinonen, area manager 0400218143/0207344350","2016-12-07 11:48:17",,,
Property67312,"Svenska Klubben i Helsingfors",Room190947,"2F Korridoren WC Hj",Item561453,"Golvur Ulrika Eleonora",,1,0.00,35000.00,Klockor,,,,"1600 talets slut England","h 275x40x35",155,"Får regelbunden professionell service, full service 2010, Longitudi Oy, smörjning 2014. Närmare historik, se: Svenska Klubben och dess hus, 2005, sid 36. Till SK genom testamente 1920","2016-04-27 10:59:04",,6IO6iTzwN61ZhMoc6iaMGj.jpg,
Property67312,"Svenska Klubben i Helsingfors",Room190947,"2F Korridoren WC Hj",Item561463,"Heliogravyr Döbeln vid Jutas",,1,0.00,400.00,Konst,,,,"A Edelfelt (pinx) Tilgmann 1907",h52x42,184,"Ny passepartout 2002, Artegrafica","2016-04-27 10:59:04",,3pBBUYCdhzapCfGVeYFNGp.jpg,
Property67312,"Svenska Klubben i Helsingfors",Room190947,"2F Korridoren WC Hj",Item561467,"Heliogravyr Landshövdingen",,1,0.00,400.00,Konst,,,,"A Edelfelt 1899 Tilgmann 1903",h57x44,185,"Ny passepartout 2002, Artegrafica","2016-04-27 10:59:04",,7sP1as3nAS2NuORyTRVWOG.jpg,
Property67312,"Svenska Klubben i Helsingfors",Room190947,"2F Korridoren WC Hj",Item561470,"Heliogravyr Soldatflickan",,1,0.00,400.00,Konst,,,,"A Edelfelt 1900 Tilgmann 1905",h55x42,186,"""Förrn den ädle kungen i Finland stred/ Hon blifvit en krigsmans brud/ Och då trumman rördes och Svärd drog med/ så följde hon samma ljud.","2016-04-27 10:59:04",,4yHbsLOoNsKwG9FByx6WFa.jpg,
Property67312,"Svenska Klubben i Helsingfors",Room190947,"2F Korridoren WC Hj",Item561483,Hjälpbord,,1,0.00,100.00,Bord,,,,,,,"Stort hjalpbord","2016-04-27 10:59:04",,,
Property67312,"Svenska Klubben i Helsingfors",Room190947,"2F Korridoren WC Hj",Item561450,"Litografi Drottningholms slott",,1,0.00,250.00,Konst,,,,,"H 26x 34",118,,"2016-04-27 10:59:04",,1yEoHgCJdcA0P1KDzq8fDr.jpg,
Property67312,"Svenska Klubben i Helsingfors",Room190947,"2F Korridoren WC Hj",Item561447,"Litografi Stholms kungl slott",,1,0.00,250.00,Konst,,,,,H24x37,117,,"2016-04-27 10:59:04",,m6mfw3qR5PH2I24ZdJh2b.jpg,
Property67312,"Svenska Klubben i Helsingfors",Room190947,"2F Korridoren WC Hj",Item561473,"Oljemålning Utanfor bokhandeln",,1,0.00,3000.00,Konst,,,,"Aron Gerle (1869-1930)","H 85,5 B 60",466,"Olja pa faner, kopt av HW med anledning av klubbhusets renovering.. Purchased at: Bukowskis Stockholm","2016-04-27 10:59:04",,PTTA6vIKIeJoOo87CClH0.jpg,
Property67312,"Svenska Klubben i Helsingfors",Room190947,"2F Korridoren WC Hj",Item561440,"Restaurangbord 4 pers",,3,0.00,100.00,Bord,,,,,L130xb65xh71,107,"2 reservskivor i källaren","2016-04-27 10:59:04",,,
Property67312,"Svenska Klubben i Helsingfors",Room190947,"2F Korridoren WC Hj",Item561444,"Restaurangbord ovalt",,1,0.00,150.00,Bord,,,,"1970 talet",L190xb74xh71,150,,"2016-04-27 10:59:04",,,
Property67312,"Svenska Klubben i Helsingfors",Room190947,"2F Korridoren WC Hj",Item561476,Rödvinshylla,,1,0.00,200.00,Hyllor,,,,,,603,"Kopt av Ha, 2014","2016-04-27 10:59:04",,,
Property67312,"Svenska Klubben i Helsingfors",Room190947,"2F Korridoren WC Hj",Item561460,"Tryck Kalmar slott",,1,0.00,200.00,Konst,,,,"J Paunell 1929 90/100","h 24x 38",173,"Konservointipalvelu HeinonenKy, Tina Lingren 4773645 reparerat vattenskador och ramen för 304e, 2003","2016-04-27 10:59:04",,,
Property67312,"Svenska Klubben i Helsingfors",Room190947,"2F Korridoren WC Hj",Item561457,"Tryck stadshuset i Stockholm",,1,0.00,250.00,Konst,,,,,"h26x b37",172,"Konserverades efter vattenskador 2002/2003 av konservator Arja Jokiniemi, inramning hos Artegrafica, bra arbete!","2016-04-27 10:59:04",,,
Property67312,"Svenska Klubben i Helsingfors",Room190947,"2F Korridoren WC Hj",Item561437,"Tryck Stockholm, färglagd",,1,0.00,300.00,Konst,,,,"Thomas Lindholm 1925","h 91x131",44,,"2016-04-27 10:59:04",,5qoPaEiYszM4vskI2fuNg.jpg,
Property67312,"Svenska Klubben i Helsingfors",Room190947,"2F Korridoren WC Hj",Item561434,"Tryma spegel 1920 talet",,2,0.00,900.00,Speglar,,,,,,43,"OBS! Kolla platsen","2016-04-27 10:59:04",,6NYzAyCr1nIQPgKGgIbiDz.jpg,
Property67312,"Svenska Klubben i Helsingfors",Room190947,"2F Korridoren WC Hj",Item561479,Vägghyllor,,1,0.00,150.00,Hyllor,,,,,,601,"Alla hyllor i 2 van. hjalpkok","2016-04-27 10:59:04",,,
Property67312,"Svenska Klubben i Helsingfors",Room190949,"2G Spegelsalen",Item561526,Bord,,12,0.00,100.00,Bord,,,,,,38,"K�pt av H 6/2014","2016-04-27 10:59:04",,,
Property67312,"Svenska Klubben i Helsingfors",Room190949,"2G Spegelsalen",Item561520,"Det stora fallet i Älvkarlea",,1,0.00,13000.00,Konst,,,,,"h 50x78",7,"Oljemalning, sign. O Herrmelin malad senare 1800 talet, ramen skadad","2016-04-27 10:59:04",,7rcKWEKLhupxEMgKT7HuIf.jpg,
Property67312,"Svenska Klubben i Helsingfors",Room190949,"2G Spegelsalen",Item561530,Gardinarrangemang,,3,0.00,200.00,Gardiner,,,,,"H ca 320 X b ca 150",91,"Grön sammet sidogardiner med kappa","2016-04-27 10:59:04",,5Q3whF7qVcbHBBCiOIpdjI.jpg,
Property67312,"Svenska Klubben i Helsingfors",Room190949,"2G Spegelsalen",Item561516,Gobeläng,,1,0.00,200.00,Konst,,,,,"h 95x157",6,"Har funnits redan i klubblokalen vid Skillnaden.","2016-04-27 10:59:04",,5RGVYSTA8Xe4PF9ND3LvsW.jpg,
Property67312,"Svenska Klubben i Helsingfors",Room190949,"2G Spegelsalen",Item561510,Kristallkronor,,2,0.00,5000.00,Armatur,,,,,,3,,"2016-04-27 10:59:04",,58Kv57C9rObS6MOZlkw4to.jpg,
Property67312,"Svenska Klubben i Helsingfors",Room190949,"2G Spegelsalen",Item561513,"Praktspegel med fotbord",,2,0.00,4000.00,Speglar,,,,,,5,"Fotbord med marmorskiva, spegel med f�rgylld ram","2016-04-27 10:59:04",,1GYEr5m9brlsvQCZMOsRMm.jpg,
Property67312,"Svenska Klubben i Helsingfors",Room190949,"2G Spegelsalen",Item561533,"Restaurangbord smått",,3,0.00,100.00,Bord,,,,,"L 62xb75xh71",92,"Av Hampspinnare 2014","2016-04-27 10:59:04",,,
Property67312,"Svenska Klubben i Helsingfors",Room190949,"2G Spegelsalen",Item561542,"Sparkskydd av plexiglas",,2,0.00,50.00,,,,,Artegrafica,,518,"Inf�rskaffades i samband med speglarnas renovering 2006","2016-04-27 10:59:04",,,
Property67312,"Svenska Klubben i Helsingfors",Room190949,"2G Spegelsalen",Item561539,Stolar,,130,0.00,200.00,Stolar,,,,"Italien 2004",,500,"Restaurangstolar brunspetsad med grön sits, finns utplacerade i olika utrymmen enligt behov.","2016-04-27 10:59:04",,3AQtxJVlmJly1Q3hfGXtmm.jpg,
Property67312,"Svenska Klubben i Helsingfors",Room190949,"2G Spegelsalen",Item561536,"Tavla, Skepp i aftonsol",,1,0.00,4200.00,Konst,,,,"Carl Hallstrom (1850-1929)",,471,"Olja pa duk, svensk konstnar, prolig guldram, inkopt SM. Purchased at: Bukowski-Horhammer Hfors","2016-04-27 10:59:04",,7Ch60c9GTW2MtEq15HmtFt.jpg,
Property67312,"Svenska Klubben i Helsingfors",Room190949,"2G Spegelsalen",Item561486,"Vy från Tanger Marrakesh",,1,0.00,7000.00,Konst,,,,"Hugo Backmansson 1920","h 80x54",9,"Oljemålning Närmare beskrivning på tavlans baksida. Gåva av Nordiska Föreningen","2016-04-27 10:59:04",,5bXui5gtCV8tcigyUjpt5V.jpg,
Property67312,"Svenska Klubben i Helsingfors",Room190950,"2H Barocken",Item561545,"Ariadne fran Naxos",,1,0.00,7000.00,Konst,,,,,"h 129x158",10,,"2016-04-27 10:59:04",,1nsy0I46e6cigR4PdTYtnv.jpg,
Property67312,"Svenska Klubben i Helsingfors",Room190950,"2H Barocken",Item561584,"Broderi på tyg",,1,0.00,700.00,Konst,,,,"Handarbetets vänner?",h73x63,90,"Gobeläng Frihetskorsets ordenstecken med spanne","2016-04-27 10:59:04",,,
Property67312,"Svenska Klubben i Helsingfors",Room190950,"2H Barocken",Item561555,"CG Estlander kopia efter Edelfelt",,1,0.00,4000.00,Konst,,,,,"h 98x78",28,"Kopia utford av A Lindblom 1904 efter A Edelfelt original","2016-04-27 10:59:04",,,
Property67312,"Svenska Klubben i Helsingfors",Room190950,"2H Barocken",Item561548,"CG Mannerheims foto",,1,0.00,300.00,Konst,,,,,,12,"Porträtt fr 1940, ramen reparerades för 150 e pga att tavlan fallit från väggen i oklara förhållanden den 2 nov, 2016","2016-04-27 10:59:04",,,
Property67312,"Svenska Klubben i Helsingfors",Room190950,"2H Barocken",Item561568,"Flygel Steiway et Sons",,1,0.00,40000.00,Musikinstrument,,,,"Steinway et Sons, Hamburg","Forte nr. 150069",32,"Se 100 ars historik s. 54, Ragnar Nylund restaurator anlitad 2002, tfn. 0408316402 Obs: klaverluckans låsverk styvt, lagades, mer omfattande service övervägdes 2016, men inga åtgärder pga budgetära begränsningar! Purchased at: R E Westerluds pianoaffar Hfors","2016-04-27 10:59:04",,YNFz5z1gWVn9JrgpC7Vbj.jpg,
Property67312,"Svenska Klubben i Helsingfors",Room190950,"2H Barocken",Item561587,Flygeltäcket,,1,0.00,500.00,,,,,"Fazers musik",,458,"Specialskydd, beställdes av avd.chef. Georg Dahlstrom F-Musik 26.10.2001","2016-04-27 10:59:04",,4n6B6T5731hcBXddTf1zRj.jpg,
Property67312,"Svenska Klubben i Helsingfors",Room190950,"2H Barocken",Item561581,Gardiner,,5,0.00,200.00,Gardiner,,,,"Eurokangas 2004","Beige sammet",37,"Alla gardiner k�ptes av Hampspinnare juni 2014","2016-04-27 10:59:04",,,
Property67312,"Svenska Klubben i Helsingfors",Room190950,"2H Barocken",Item561574,Kristallkrona,,1,0.00,2000.00,Armatur,,,,"1980 talet","Venetiansk, 8 armar, elektrifierad",34,,"2016-04-27 10:59:04",,,
Property67312,"Svenska Klubben i Helsingfors",Room190950,"2H Barocken",Item561571,Pianostol,,1,0.00,450.00,Stolar,,,,,,33,"Tillverk. 1990","2016-04-27 10:59:04",,,
Property67312,"Svenska Klubben i Helsingfors",Room190950,"2H Barocken",Item561565,"Porträtt av dir. Ernst Johannes Nygård",,1,0.00,7000.00,Konst,,,,"Verner Thome 1932","h 91x76",31,"Se årsberättelse1982","2016-04-27 10:59:04",,,
Property67312,"Svenska Klubben i Helsingfors",Room190950,"2H Barocken",Item561558,"Porträtt av Eirik Cronstedt",,1,0.00,8500.00,Konst,,,,,"h 80x65",29,"Garantiforeningen skötte om allt även penninginsamlingen, se narmare Meddelanden 4/2000 s. 8, Eirik avled 10.8.2004","2016-04-27 10:59:04",,2gDR4jZ0QcPpLdynx951nc.jpg,
Property67312,"Svenska Klubben i Helsingfors",Room190950,"2H Barocken",Item561552,"Porträtt av professor Ernst Nordström",,1,0.00,4000.00,Konst,,,,"A Lindeblom","h 63x53",27,"Hedersmedlem 1930, 100 års historik s 64 och 98, namnskylt saknas","2016-04-27 10:59:04",,,
Property67312,"Svenska Klubben i Helsingfors",Room190950,"2H Barocken",Item561561,"Porträtt av V Öhberg",,1,0.00,4000.00,Konst,,,,"Okänd mästare 1800 talet","h 58x40",30,"Oljemålning, Ramen har skador","2016-04-27 10:59:04",,,
Property67312,"Svenska Klubben i Helsingfors",Room190950,"2H Barocken",Item561578,Restaurandbord,,5,0.00,100.00,Bord,,,,,,35,"K�pt av H juni 2014","2016-04-27 10:59:04",,,
Property67312,"Svenska Klubben i Helsingfors",Room190951,"2I Gustavianska",Item561593,"Empire speglar",,3,0.00,1200.00,Speglar,,,,,"1800 talets senare halft",16,"Med ram h 170x73, beskrivs i 100 ars historik s. 115","2016-04-27 10:59:04",,3pYt7hZNfLIBveyAYYlGVy.jpg,
Property67312,"Svenska Klubben i Helsingfors",Room190951,"2I Gustavianska",Item561746,"Färgtryck, porträtt Kung Gustav III",,1,0.00,120.00,Konst,,,,,"H 41 B 32 oval",297,"Valhalla ordens beskyddare, grundare av Tammerfors stad 1779, gåva fr. Tfors stad 1979","2016-04-27 10:59:04",,,
Property67312,"Svenska Klubben i Helsingfors",Room190951,"2I Gustavianska",Item1234309,"Gustav IV Adolf",,1,0.00,500.00,Konst,,,,,,,,"2017-02-01 21:29:36",,,
Property67312,"Svenska Klubben i Helsingfors",Room190951,"2I Gustavianska",Item561609,"Kristallkrona 6 ljus",,1,1500.00,2000.00,Armatur,,,,1980,"Elektrifierad kristallkrona",25,,"2016-04-27 10:59:04",,6TXS8mLifd6Pd67zoFAOI3.jpg,
Property67312,"Svenska Klubben i Helsingfors",Room190951,"2I Gustavianska",Item561590,Lampett,,6,0.00,300.00,Armatur,,,,,"Fransk stil",14,"Lampett med 2 lampor utan skärmar h 35x18. Purchased at: Galleri Donner","2016-04-27 10:59:04",,2aZm4mr9Qn1Eg1Iso7wVlr.jpg,
Property67312,"Svenska Klubben i Helsingfors",Room190951,"2I Gustavianska",Item561821,"Oljemålning av Gustav II Adolf",,1,0.00,2500.00,Konst,,,,,"h 57x44",23,"Porträtt, kopia av okänd mästare","2016-04-27 10:59:04",,5ItA2mdOq6iO6f0RDgX2zC.jpg,
Property67312,"Svenska Klubben i Helsingfors",Room190951,"2I Gustavianska",Item561612,Restaurangbord,,4,0.00,150.00,Bord,,,,,,26,"Liknande bord används i olika rum","2016-04-27 10:59:04",,60NzGkxZgIDQWrg7jBCSpb.jpg,
Property67312,"Svenska Klubben i Helsingfors",Room190951,"2I Gustavianska",Item561596,"Rokoko stils sidebord",,2,0.00,1000.00,Bord,,,,,"L 75xb50xh73,5",17,"Hör till samma serie med stolar, som renoverades 6/2014 Förra ägare Svenska Gillet","2016-04-27 10:59:04",,3eL9jdteFTO2b5KfCmeQSb.jpg,
Property67312,"Svenska Klubben i Helsingfors",Room190951,"2I Gustavianska",Item561615,"Stolar i Gustavianska",,22,0.00,300.00,Stolar,,,,"Osterbotten 1950 talet","H 100 B 51 L 45",433,"Eftergjorde rokoko, gronmalade och restaurerade 2014, en med armstod 18 st i rummet, 4 st lagrade (3.3.15)","2016-04-27 10:59:04",,5fJMqfOIVq9yHJpJA4hVhk.jpg,
Property67312,"Svenska Klubben i Helsingfors",Room190951,"2I Gustavianska",Item561603,"Storkyrkan i Stockholm",,1,0.00,300.00,Konst,,,,"Harald Sallberg 1923","h 30x24",22,"Etsning, detaljer i meddelanden 4/1990. Purchased at: Gava av Sallskapet","2016-04-27 10:59:04",,2qCU7mIqSrJCgLIwnY6ZZl.jpg,
Property67312,"Svenska Klubben i Helsingfors",Room190951,"2I Gustavianska",Item1234311,"Tryck Carl XII",,1,0.00,250.00,Konst,,,,,,,,"2017-02-01 21:30:15",,4ePeYJ0YKHreILikOckeK7.jpg,
Property67312,"Svenska Klubben i Helsingfors",Room190951,"2I Gustavianska",Item561606,"Tryck Konung Oscar II",,1,0.00,450.00,Konst,,,,,"h 78x52",24,"Portr�tt, Ant. erh�llen av konsul Ernst Allan Hjelts d�dsbo i samband med vaxrelieferna","2016-04-27 10:59:04",,,
Property67312,"Svenska Klubben i Helsingfors",Room190952,"2J Trapphuset Till Klubbv",Item561618,"Lampett med en lampa",,2,0.00,200.00,Armatur,,,,"1970 talet",,53,"Purchased at: Stockmann","2016-04-27 10:59:04",,2iCguT2cYpdxeVPnPfsb9U.jpg,
Property67312,"Svenska Klubben i Helsingfors",Room190952,"2J Trapphuset Till Klubbv",Item561628,"Matta iransk",,1,0.00,500.00,Mattor,,,,,,527,,"2016-04-27 10:59:04",,,
Property67312,"Svenska Klubben i Helsingfors",Room190952,"2J Trapphuset Till Klubbv",Item561631,"Matta iransk",,1,0.00,500.00,Mattor,,,,"Iran Nabaland?",123x448,527,"I lagret under trapphuset Material ylle tillv.nr. 1063 Inköpet av Henry W från Istanbul Heureka Carpet, Kalevagatan 27. Hfors 10","2016-04-27 10:59:04",,,
Property67312,"Svenska Klubben i Helsingfors",Room190952,"2J Trapphuset Till Klubbv",Item561625,"Medaljong A-O Freudenthal",,1,0.00,120.00,Konst,,,,"Gerda Qvist 1936","Diam 27",221,,"2016-04-27 10:59:04",,,
Property67312,"Svenska Klubben i Helsingfors",Room190952,"2J Trapphuset Till Klubbv",Item561622,"Takkrona av mässing, 7 lampor",,1,0.00,2000.00,Armatur,,,,,Jugend,55,,"2016-04-27 10:59:04",,6LrNPh23I1YRvvD61eJ3sL.jpg,
Property67312,"Svenska Klubben i Helsingfors",Room190953,"3K Korridoren WC Hissg",Item561657,Anslagstavla,,1,0.00,25.00,,,,,,70x40,170,,"2016-04-27 10:59:04",,,
Property67312,"Svenska Klubben i Helsingfors",Room190953,"3K Korridoren WC Hissg",Item561651,"Bordslampa mässing",,1,0.00,100.00,Armatur,,,,,"h 51",168,"Nyrokoko, med skarm av tyg","2016-04-27 10:59:04",,,
Property67312,"Svenska Klubben i Helsingfors",Room190953,"3K Korridoren WC Hissg",Item561641,"C G Mannerheim bronsmedaljong",,1,0.00,400.00,Konst,,,,"LL 1931","Rund, diam. 31",74,,"2016-04-27 10:59:04",,,
Property67312,"Svenska Klubben i Helsingfors",Room190953,"3K Korridoren WC Hissg",Item561686,"Foto i guldram 8 men i soffa på klubben",,1,0.00,80.00,,,,,,L15x10,447,"Antagligen historikt foto av kanda klubbmedlemmar","2016-04-27 10:59:04",,,
Property67312,"Svenska Klubben i Helsingfors",Room190953,"3K Korridoren WC Hissg",Item561687,"Foto i guldram 8 men kring biljardbordet",,1,0.00,50.00,,,,,,L15x10,448,"Kanda klubbmedlemmar..... Ramen har sitt varde, sade Morelius 16.11.2007 LG","2016-04-27 10:59:04",,,
Property67312,"Svenska Klubben i Helsingfors",Room190953,"3K Korridoren WC Hissg",Item561654,Gallerimatta,,1,0.00,300.00,Mattor,,,,,"b 90 L 900 cm",169,"Maskinmatta från tiden med Rissanen. Gångmatta","2016-04-27 10:59:04",,,
Property67312,"Svenska Klubben i Helsingfors",Room190953,"3K Korridoren WC Hissg",Item561703,Klädskap,,3,0.00,50.00,Sk,,,,,,604,"Finns i tre utrymmen i 3 van.","2016-04-27 10:59:04",,,
Property67312,"Svenska Klubben i Helsingfors",Room190953,"3K Korridoren WC Hissg",Item561660,"Lampetter en kupa brons",,5,0.00,150.00,Armatur,,,,,,171,"Lamphållare förnyade 2001","2016-04-27 10:59:04",,,
Property67312,"Svenska Klubben i Helsingfors",Room190953,"3K Korridoren WC Hissg",Item561685,Länstolar,,2,0.00,200.00,Stolar,,,,"1920 talet","H 84 L 70 B 70",435,"Riktiga herrums mobler restaurerade 2008 av snickargruppen med gront tyg","2016-04-27 10:59:04",,,
Property67312,"Svenska Klubben i Helsingfors",Room190953,"3K Korridoren WC Hissg",Item561682,"Matta Belud",,1,0.00,300.00,Mattor,,,,Belud,137x83,234,"Köpt fr. Artistica, donerad av Garantiföreningen","2016-04-27 10:59:04",,,
Property67312,"Svenska Klubben i Helsingfors",Room190953,"3K Korridoren WC Hissg",Item561696,"Matta iransk",,1,0.00,300.00,Mattor,,,,"Iran, Turkmeistan?",110x197,526,"Material ylle, tillverknings nr 221,. Purchased at: Hereke Carpet, Kalevagatan 10?","2016-04-27 10:59:04",,,
Property67312,"Svenska Klubben i Helsingfors",Room190953,"3K Korridoren WC Hissg",Item561700,"Minnestavla over stupade klubbröder",,1,0.00,1500.00,Prydnadsf,,,,"Palin Granit Ab",65x65,539,"Tavlan i granit sponsorerades och donerades till klubben av Christian Ahlstrom 2011. Purchased at: Loimaan Kivi Oy","2016-04-27 10:59:04",,,
Property67312,"Svenska Klubben i Helsingfors",Room190953,"3K Korridoren WC Hissg",Item561676,"Oljemålning Klubbhusets fasad",,1,0.00,1000.00,Konst,,,,"Withold Forsten 1983",H40xb60,218,"Kontakt till Forsten 050 3603172, Fodd 1944 Hfors","2016-04-27 10:59:04",,,
Property67312,"Svenska Klubben i Helsingfors",Room190953,"3K Korridoren WC Hissg",Item561638,"P E Svinhuvud bronsmedaljong",,1,0.00,300.00,Konst,,,,"LL 1931","Rund, diam. 31",73,,"2016-04-27 10:59:04",,,
Property67312,"Svenska Klubben i Helsingfors",Room190953,"3K Korridoren WC Hissg",Item561647,"Restaurangbord för två",,4,0.00,100.00,Bord,,,,,L75xb75xh71,109,,"2016-04-27 10:59:04",,,
Property67312,"Svenska Klubben i Helsingfors",Room190953,"3K Korridoren WC Hissg",Item561693,"Tavla med klubbhuset som motiv",,1,0.00,100.00,Konst,,,,"Akvarell Gidet, T Ahlbck","H 21 B 29",522,"Akvarell Gidet 1/50","2016-04-27 10:59:04",,,
Property67312,"Svenska Klubben i Helsingfors",Room190953,"3K Korridoren WC Hissg",Item561691,"Tavla med sangsikt",,1,0.00,20.00,,,,,1946,"H35 B25",464,"Okvadet 15.3.1947 med teckningar om en dikt som kan sjungas till melodie Franska Kungens spelman, Sliten","2016-04-27 10:59:04",,,
Property67312,"Svenska Klubben i Helsingfors",Room190953,"3K Korridoren WC Hissg",Item561673,"Tryck Bomarsunds beskjutn 1854",,1,0.00,100.00,Konst,,,,"Engelskt tryck",h30x51,179,"Se 177","2016-04-27 10:59:04",,,
Property67312,"Svenska Klubben i Helsingfors",Room190953,"3K Korridoren WC Hissg",Item561644,"Tryck Carl XII",,1,0.00,75.00,Konst,,,,"Peter van Gunst Amsterdam","h 30x24. ar 1977",75,"Svenska Gillet i Finland tom 2007 darefter Klubbens","2016-04-27 10:59:04",,,
Property67312,"Svenska Klubben i Helsingfors",Room190953,"3K Korridoren WC Hissg",Item561670,"Tryck flottfartyg i Hango",,1,0.00,100.00,Konst,,,,,,178,"Se foregaende nr 177, ""Rosenius och Morelius""","2016-04-27 10:59:04",,,
Property67312,"Svenska Klubben i Helsingfors",Room190953,"3K Korridoren WC Hissg",Item561635,"Tryck NEJ till förbudslagen",,1,0.00,700.00,Konst,,,,"A Engstrom Propagandacentralen","h 52x37",56,,"2016-04-27 10:59:04",,,
Property67312,"Svenska Klubben i Helsingfors",Room190953,"3K Korridoren WC Hissg",Item561667,"Tryck Panorama Helsingfors",,1,0.00,100.00,Konst,,,,"Lit par Cu",h35x55,177,"Vy från Observatorieberget Rosquist konsulterade Cecil H under våren 2005 och kom till att dessa tryck borde uppvärderas. Morelius ansåg och mindes att dessa var fotokopior som Rosenius gjort.","2016-04-27 10:59:04",,,
Property67312,"Svenska Klubben i Helsingfors",Room190953,"3K Korridoren WC Hissg",Item561664,"Tryck Vue de Helsingfors",,1,0.00,1300.00,Konst,,,,"Arthus Berntrand editeur Paris","h26x41,5",175,"I guldram G�va till Klubben av MM vid 75 �rs jubileet 26.9.1955","2016-04-27 10:59:04",,,
Property67312,"Svenska Klubben i Helsingfors",Room190953,"3K Korridoren WC Hissg",Item561679,"Tryck Vy från Italien",,1,0.00,250.00,Konst,,,,"T R Rowbotham 1862","H 22 X B 60",219,"Vy fr. Neapelbukten Tryckt av George Rowney et Co London Enl originall tavlan av Rowbotham agd av Henrik Degermans farfar, Henrik donerade till klubben 1978","2016-04-27 10:59:04",,,
Property67312,"Svenska Klubben i Helsingfors",Room190953,"3K Korridoren WC Hissg",Item561688,"Tryck, utsikt över Hfors fr Observbacket",,1,0.00,300.00,Konst,,,,1854,"Bilden L24 H15",463,"Med ram L36 H27 Gava av Borsklubben 29.1.2004 (Kan finnas aven i kansliet)","2016-04-27 10:59:04",,,
Property67312,"Svenska Klubben i Helsingfors",Room190953,"3K Korridoren WC Hissg",Item1187807,"Vitrinskåp för klubbutencilier",12/01/2016,1,149.00,149.00,Hyllor,,,,,,,,"2016-11-02 11:52:26",,"3cassyOIwuFwaHuCxipyao.jpg, 6KOB5AlEGRa7zTOKKP2bdt.jpg",
Property67312,"Svenska Klubben i Helsingfors",Room190954,"3L Bibliotek TV-rum",Item561739,"Akvarell Naturmotiv",,1,0.00,700.00,Konst,,,,,,216,"Motiv fr. Västra Nylands skärgård. Gåva vid 75 årsjubileet av Hfors Sparbank, Inramad under glas 2003","2016-04-27 10:59:04",,1BHGZZd5egsFxBDN9kbf2G.jpg,
Property67312,"Svenska Klubben i Helsingfors",Room190954,"3L Bibliotek TV-rum",Item561742,"Akvarell Naturmotiv",,1,0.00,700.00,Konst,,,,,,216,"Motiv fr. Västra Nylands skärgard. Gåva vid 75 års jubileet av Hfors Sparbank, Inramad under glas 2003","2016-04-27 10:59:04",,,
Property67312,"Svenska Klubben i Helsingfors",Room190954,"3L Bibliotek TV-rum",Item561755,"Böcker med vackra ryggar",,1,0.00,200.00,,,,,,,300,"Ca. 4 hyllmeter kvar i ""biblioteket"" (av1370 cm, som LG hade m?tt)","2016-04-27 10:59:04",,,
Property67312,"Svenska Klubben i Helsingfors",Room190954,"3L Bibliotek TV-rum",Item561716,Bokskåp,,1,0.00,2500.00,Sk,,,,"1800 talet","h 288 b 190 djupet 54",62,"Speglar bakom hyllorna, nycklar till skåpen fattas","2016-04-27 10:59:04",,4LntKhAS6curnzgPeHxw52.jpg,
Property67312,"Svenska Klubben i Helsingfors",Room190954,"3L Bibliotek TV-rum",Item561729,"Bordslampa, mässing med grön tygskärm",,1,0.00,150.00,Armatur,,,,,h52xb23,86,"Se 168","2016-04-27 10:59:04",,5z992AJ8QuKFgkEQTTdpAX.jpg,
Property67312,"Svenska Klubben i Helsingfors",Room190954,"3L Bibliotek TV-rum",Item561749,"Etsning Sveaborg",,1,0.00,300.00,Konst,,,,"Reino Harsti 1937 (1900-79)","H 28,5 B 41,5",298,"Sveaborg, platsen för Walhalla ordens uppkomst, överfördes till klubben 2007","2016-04-27 10:59:04",,,
Property67312,"Svenska Klubben i Helsingfors",Room190954,"3L Bibliotek TV-rum",Item561600,"Gipsskulptur Calonius",,1,0.00,300.00,Prydnadsf,,,,,"h 62x32",19,"Calonius har fått skador på vänstra kinden och ögonbrynen, upptäckta januari 2017! Likadan av Runeberg som finns i Spelsalen","2016-04-27 10:59:04",,3uNhWMGXIkE9E6Se875vL1.jpg,
Property67312,"Svenska Klubben i Helsingfors",Room190954,"3L Bibliotek TV-rum",Item561774,Glaspjäs,10/10/1980,1,0.00,50.00,Prydnadsf,,,,,10x20,533,"Rödfärgad glas, gåva av Sällskapsklubben i Gamla Karleby 10.10.1980","2016-04-27 10:59:04",,,
Property67312,"Svenska Klubben i Helsingfors",Room190954,"3L Bibliotek TV-rum",Item561713,"Golvlampa i Victoriansk stil",,1,0.00,300.00,Armatur,,,,,"h 182x b 75",59,,"2016-04-27 10:59:04",,1OYndBawv6Rom2HmSTmlfJ.jpg,
Property67312,"Svenska Klubben i Helsingfors",Room190954,"3L Bibliotek TV-rum",Item561752,"Hurts under TV, betsad",,1,0.00,100.00,Bord,,,,,"H48,5 L100 B 50",299,"Ej hyllor, ej skåp, antagligen snickargjord i början av 2000 talet","2016-04-27 10:59:04",,6oDOBFLAficxN27RPsh4RI.jpg,
Property67312,"Svenska Klubben i Helsingfors",Room190954,"3L Bibliotek TV-rum",Item561733,Jugendsoffa,,1,0.00,1300.00,Soffor,,,,,"L 190xh100xb70",141,"Omklädd med röd ovantåg 2006","2016-04-27 10:59:04",,23xQeMV4HqTqk7uEcJd2T8.jpg,
Property67312,"Svenska Klubben i Helsingfors",Room190954,"3L Bibliotek TV-rum",Item561719,"Klumpig karmstol",,2,0.00,500.00,Stolar,,,,"1900 talets borjan","h 74 b 96 l 84",64,"Rödbrunt läder med djupt sydda knappar, trasiga stallet lappat 2006.","2016-04-27 10:59:04",,,
Property67312,"Svenska Klubben i Helsingfors",Room190954,"3L Bibliotek TV-rum",Item561726,"Matta afgan",,1,0.00,1200.00,Mattor,,,,,307x235,69,"Köpt via Garantiföreningen","2016-04-27 10:59:04",,2c28NqwViLv9A72vDyQcee.jpg,
Property67312,"Svenska Klubben i Helsingfors",Room190954,"3L Bibliotek TV-rum",Item561736,"Runt bord nyrenässans",,1,0.00,900.00,Bord,,,,,"Diam 80 h 72",143,"Ny glasskiva av Glasmasteri Karhinen 2002, kostade ca 150 e.","2016-04-27 10:59:04",,7CCq1jcZexAjnfsPq8VFYj.jpg,
Property67312,"Svenska Klubben i Helsingfors",Room190954,"3L Bibliotek TV-rum",Item561771,Soffbord,,1,0.00,800.00,Bord,,,,"Klaussner, China","126x75 H48",507,"Inköpt av Henry W och Dag W. Kruunukaluste, Hfors","2016-04-27 10:59:04",,5wgGhkzkN9xa8GfZNN6jVU.jpg,
Property67312,"Svenska Klubben i Helsingfors",Room190954,"3L Bibliotek TV-rum",Item561767,"Standar Australiens flagga",,1,0.00,50.00,Prydnadsf,,,,,,341,,"2016-04-27 10:59:04",,,
Property67312,"Svenska Klubben i Helsingfors",Room190954,"3L Bibliotek TV-rum",Item561758,"Standar i bokskapet",,1,0.00,30.00,,,,,,,301,"Bl a Handelsgillet, mellanskolekl. 1950, Karelens vapen, Gyllene fana med Vikingaskepp etc.","2016-04-27 10:59:04",,,
Property67312,"Svenska Klubben i Helsingfors",Room190954,"3L Bibliotek TV-rum",Item561710,"Takkrona 6 armad",,2,0.00,450.00,Armatur,,,,,Barockstil,58,"Liknande takkronor i spelsalen","2016-04-27 10:59:04",,7IljyjaxtTUuwWBBnuE2Nr.jpg,
Property67312,"Svenska Klubben i Helsingfors",Room190954,"3L Bibliotek TV-rum",Item561764,"Tryck Axel Oxenstierna",,1,0.00,150.00,Konst,,,,,H50x40,319,,"2016-04-27 10:59:04",,,
Property67312,"Svenska Klubben i Helsingfors",Room190954,"3L Bibliotek TV-rum",Item561761,"Tryck Gustav IV Adolf",,1,0.00,150.00,Konst,,,,,,318,"Inramning och nytt glas Artfica 2002","2016-04-27 10:59:04",,,
Property67312,"Svenska Klubben i Helsingfors",Room190954,"3L Bibliotek TV-rum",Item561706,"Tuschteckning Klubbhuset",,1,0.00,300.00,Konst,,,,"Birger Selin","h 22x31",56,,"2016-04-27 10:59:04",,5Cf67uzkw6HGfXAuYC267o.jpg,
Property67312,"Svenska Klubben i Helsingfors",Room190954,"3L Bibliotek TV-rum",Item561723,"TV apparat Sony",,1,0.00,300.00,,,,,,,68,,"2016-04-27 10:59:04",,,
Property67312,"Svenska Klubben i Helsingfors",Room190954,"3L Bibliotek TV-rum",Item561777,"Walhalla ordens gruppporträtt",,1,0.00,15000.00,Konst,,,,"Rogers Munsterhjelm",120x85,535,"En avbild av Walhallaordens aktiva medlemmar 2010. Mottagen som gåva.","2016-04-27 10:59:04",,2CCoKvl9Riwi8qRwuQ6rtV.jpg,
Property67312,"Svenska Klubben i Helsingfors",Room190966,"3M Klubbsalen",Item561805,"Bjälklagets medlemstavla 2015",,1,3000.00,3500.00,,,,,,,,"Nya tavlan levereras mars 2015, den kombinerar både levande och avlidne","2016-04-27 10:59:04",,4CNNfcaCY4z1cv0eFR9DbE.jpg,
Property67312,"Svenska Klubben i Helsingfors",Room190966,"3M Klubbsalen",Item561780,"Fotoporträtt Axel Palmgren VH minister",,1,0.00,700.00,Konst,,,,,"h 58x50",76,"Ordf 1920-24 och 1927-31, hedersmedlem 1930 mm re: 100 års historik s. 76 och 242","2016-04-27 10:59:04",,7ryIItZMaBRp8GGwlAiC50.jpg,
Property67312,"Svenska Klubben i Helsingfors",Room190966,"3M Klubbsalen",Item561802,"Keramikfat ""Fiskar""",,1,0.00,300.00,Konst,,,,"Kupittaa sign KM","Diam. 43",84,"Gåva Arabia","2016-04-27 10:59:04",,32nz8R8xBfPfmgIF7CrzN2.jpg,
Property67312,"Svenska Klubben i Helsingfors",Room190966,"3M Klubbsalen",Item561799,"Keramikrelief med blommotiv",,1,0.00,400.00,Konst,,,,"Sign Franceska Lindh/Arabia",,83,"Antagligen gåva från Dir Herlitz/Arabia fabr. Re:100 års historik s. 55. från 1930 talet","2016-04-27 10:59:04",,4ePq6c6CMmPeU0fRbolpL3.jpg,
Property67312,"Svenska Klubben i Helsingfors",Room190966,"3M Klubbsalen",Item561811,"Matta Keshan",,1,181475.00,1000.00,Mattor,,,,"Keshan 1800 talet?",472x300,514,"Inköpt av Henry Wiklund, Bukowskis Hfors","2016-04-27 10:59:04",,,
Property67312,"Svenska Klubben i Helsingfors",Room190966,"3M Klubbsalen",Item561787,"Oljemålning A Nyberg justitierad",,1,0.00,7000.00,Konst,,,,"Hjordis Nyberg 1915",h70x58,78,"Ordf 1891-1920, hedersmedlem 1920. införskaffad 1915","2016-04-27 10:59:04",,5GV019h3opkYVmX1sJAE45.jpg,
Property67312,"Svenska Klubben i Helsingfors",Room190966,"3M Klubbsalen",Item561784,"Oljemålning A O Freudenthal, prof",,1,0.00,13000.00,Konst,,,,"Maria Wiik sign.(1853-1928)","h 59x50",77,"Klubbens första ordförande, klubbens första hedersledamot","2016-04-27 10:59:04",,7bIEUWRcgn4r9DyL9krTma.jpg,
Property67312,"Svenska Klubben i Helsingfors",Room190966,"3M Klubbsalen",Item561797,"Oljemålning E G Finnilä, vd",,1,0.00,8000.00,Konst,,,,Westergard,,82,"Ordf 1989-95, (Henry Wiklund beställt porträttet) Hedersledamot 2003, hedersordf 2005","2016-04-27 10:59:04",,60PyrJtSamYhvMRWa5kD1C.jpg,
Property67312,"Svenska Klubben i Helsingfors",Room190966,"3M Klubbsalen",Item561794,"Oljemålning Folke Koroleff prof",,1,0.00,7000.00,Konst,,,,"Hannu Knuutila 1990",h71x58,81,"Ordf 1968-88, hedersordf 1989 Meddelanden 2/1990","2016-04-27 10:59:04",,4bqtsxpObYRrWwzTruF2PF.jpg,
Property67312,"Svenska Klubben i Helsingfors",Room190966,"3M Klubbsalen",Item561791,"Oljemålning Kuno F Nyman chefdir",,1,0.00,7000.00,Konst,,,,"Hjordis Nyberg 1957 (1885-1970)",h72-59,90,"Ordf 1949-55 och 1959-64, 90 årshistorik s 17","2016-04-27 10:59:04",,pWKF0UBEZM6ZBMVLoeKNl.jpg,
Property67312,"Svenska Klubben i Helsingfors",Room190966,"3M Klubbsalen",Item561790,"Oljemålning Richard Bengelssorff",,1,0.00,10000.00,Konst,,,,"Wäinö Blomstedt 1932","h 71x58",79,"Ordf 1932-42, hedersledamot 1943, 100 års historik s 242 och 100, konstnären Wäinö Blomstedt (1871-1947)","2016-04-27 10:59:04",,17uLfuA4YpD3P7j9kgEFUJ.jpg,
Property67312,"Svenska Klubben i Helsingfors",Room190966,"3M Klubbsalen",Item561806,Piedestal,,1,0.00,200.00,,,,,,h90x59x50,148,,"2016-04-27 10:59:04",,3pinujnbB2tS70zUY2b9gO.jpg,
Property67312,"Svenska Klubben i Helsingfors",Room190966,"3M Klubbsalen",Item561814,"Porträtt av Magnus Ståhlberg",,1,7000.00,8000.00,Konst,,,,"Sergei Zlenko",95x83,541,"Finansierades genom insamling bland klubbmedlemmarna.","2016-04-27 10:59:04",,2dyEjGBvdvY7EcmwqUQMeJ.jpg,
Property67312,"Svenska Klubben i Helsingfors",Room190966,"3M Klubbsalen",Item561809,"Porträtt CarlErik Estlander oljem.",,1,0.00,7000.00,Konst,,,,"Sergei Zlenko",,45,"Ordf 1996-2003, avtäcktes 27.2.2002","2016-04-27 10:59:04",,1n8CNd41wgLitLcp8WNTHS.jpg,
Property67312,"Svenska Klubben i Helsingfors",Room190966,"3M Klubbsalen",Item561807,"Restaurangbord för 4",,10,0.00,400.00,Bord,,,,"Lepofinn 1970 talet","H 72 L 128 B 80",205,"Liknande bord finns i olika utrymmen och används enligt krögarens behov","2016-04-27 10:59:04",,4kXhTJvEhY0warynPtaino.jpg,
Property67312,"Svenska Klubben i Helsingfors",Room190966,"3M Klubbsalen",Item561808,"Restaurangstolar, grön plysch",,52,0.00,200.00,Stolar,,,,"1970 talet Lepofinn","H 91 B 54 L45",206,"Liknande stolar finns på många håll","2016-04-27 10:59:04",,2nOrlFEJ9J3lowRvfdXLOi.jpg,
Property67312,"Svenska Klubben i Helsingfors",Room190966,"3M Klubbsalen",Item561803,"Spegel Empire stil",,1,0.00,1000.00,Speglar,,,,,h170x81,85,"Liknande finns i Gustavianska, mottagen som gåva 1942","2016-04-27 10:59:04",,4unyxqFdOlH2EPDN5PGb7n.jpg,
Property67312,"Svenska Klubben i Helsingfors",Room190966,"3M Klubbsalen",Item561804,"Takkrona tre lampor med glaskupa",,5,0.00,350.00,Armatur,,,,Italiensk,"h 45x b40",87,"Införskaffad fr. Stockmann","2016-04-27 10:59:04",,541YFmOWTHmuKYcZMOquEm.jpg,
Property67312,"Svenska Klubben i Helsingfors",Room190965,"3N Spelsalen",Item561834,"Akvarell Krigare med muskedunder",,1,0.00,250.00,Konst,,,,"Garibald Lindberg","h 56 X b 41",127,"Mork ram","2016-04-27 10:59:04",,6JXJw4rJPCy4eYQSg1XxtS.jpg,
Property67312,"Svenska Klubben i Helsingfors",Room190965,"3N Spelsalen",Item561837,"Akvarell, dragon",,1,0.00,250.00,Konst,,,,"Garibald Lindberg sign 1902",h55xb42,128,"Obehandlad ekram","2016-04-27 10:59:04",,3dZtDzRIg1ClYzm9VJ22Uq.jpg,
Property67312,"Svenska Klubben i Helsingfors",Room190965,"3N Spelsalen",Item561827,"Bokskåp i ek med 2 glasdörrar",,2,0.00,1200.00,Sk,,,,,"h 132 l 100 b 32",66,"Morelius skaffat glasdörrar 2007","2016-04-27 10:59:04",,2uavL2xbxwoGFHmYOyx48D.jpg,
Property67312,"Svenska Klubben i Helsingfors",Room190965,"3N Spelsalen",Item561857,"Bordslampa bronsfot grön skärm",,2,0.00,200.00,Armatur,,,,"1970 talet STA undertill","H 78 B 34",213,"Grön skärm av papper, En likadan i TV rummet","2016-04-27 10:59:04",,2oFg5m8dDYHCEcpaDcsbC1.jpg,
Property67312,"Svenska Klubben i Helsingfors",Room190965,"3N Spelsalen",Item561843,"Fåtölj i Jugend stil",,3,0.00,1000.00,Stolar,,,,"1920 talet",h97xb80xL78,166,"Med grönaktig läder/konstläder ställvis trasigt","2016-04-27 10:59:04",,qRuqiVlkva1mg62STAqbH.jpg,
Property67312,"Svenska Klubben i Helsingfors",Room190965,"3N Spelsalen",Item561867,"Fåtölj i Jugendstil läderklädsel",,1,0.00,900.00,Stolar,,,,"1920 talet","H 96x77x74",225,"Två liknande i korridoren","2016-04-27 10:59:04",,,
Property67312,"Svenska Klubben i Helsingfors",Room190965,"3N Spelsalen",Item561909,"Fotokopia av Plakat",09/05/2015,1,0.00,5.00,Prydnadsf,,,,"Sako Oy",,,"Plakat av teak med Sako- bolagets emblem. Sako donerat detta vandringspris, det skall besittas av den klubb vars skyttelag vunnit tävlingen ordnat i samband med Nordiska mötet. SK segrade år 2015, Sällskapet år 2016, nu finns plakatet i Stockholm. Vi har fotokopia på väggen.","2016-04-27 10:59:04",,2CqpYwJAvHmYnyepXvEkIE.jpg,
Property67312,"Svenska Klubben i Helsingfors",Room190965,"3N Spelsalen",Item561817,"Gipsskulptur av JL Runeberg",,1,0.00,500.00,Prydnadsf,,,,,,21,"Byst i stil med nr. 19, Runeberg har även trivts i Gustavianska rummet","2016-04-27 10:59:04",,67TGzUBIMMA23yTn1tSpqE.jpg,
Property67312,"Svenska Klubben i Helsingfors",Room190965,"3N Spelsalen",Item561846,"Grafik Wiborgs slott",,1,0.00,200.00,Konst,,,,"Bruno Tuukkanen 1946 (1891-1979)",h21x52,174,"Baksidan text: Tyrgills Museets samlingar Nr 595. Gåva av konstnären","2016-04-27 10:59:04",,,
Property67312,"Svenska Klubben i Helsingfors",Room190965,"3N Spelsalen",Item561906,"Målning, Salutorget",,1,0.00,300.00,Konst,,,,"Sergei Zlenko",122x79,542,"Gåva av konstnären (som målat Magnus Ståhlbergs porträtt nr 541)","2016-04-27 10:59:04",,,
Property67312,"Svenska Klubben i Helsingfors",Room190965,"3N Spelsalen",Item561903,"Matbord med skiva",,1,2000.00,2000.00,Bord,,,,,"255x120 H75",531,"Rymmer 12 pers som utdragen","2016-04-27 10:59:04",,,
Property67312,"Svenska Klubben i Helsingfors",Room190965,"3N Spelsalen",Item561880,"Matta med rutigt mönster",,1,0.00,700.00,Mattor,,,,Afghan?,272x151,233,"Hör troligtvis till HWs anskaffningar, enligt LG","2016-04-27 10:59:04",,,
Property67312,"Svenska Klubben i Helsingfors",Room190965,"3N Spelsalen",Item561850,"Matta Wilton",,1,0.00,200.00,Mattor,,,,,350x250,207,,"2016-04-27 10:59:04",,,
Property67312,"Svenska Klubben i Helsingfors",Room190965,"3N Spelsalen",Item561863,"Medaljongporträtt Erik Hornborg",,1,0.00,120.00,Konst,,,,"Gerda Qvist 1954 (1883-1957)","Diam 30",220,,"2016-04-27 10:59:04",,5iKOAuyFkjdcynQ83XyVGa.jpg,
Property67312,"Svenska Klubben i Helsingfors",Room190965,"3N Spelsalen",Item561883,"Pinnstol med Svenska Kl emblem",,7,0.00,400.00,Stolar,,,,"1800 talet",H99xb43xL44,235,"Snickargruppen renoverade 2003, Total antalet oklar enl. LG, hittat blott 6 st.","2016-04-27 10:59:04",,5HeGVH7fUFjQZfXRB8jpCB.jpg,
Property67312,"Svenska Klubben i Helsingfors",Room190965,"3N Spelsalen",Item561893,"Pinnstol Svenka Kl, svart, ingrav",,2,0.00,300.00,Stolar,,,,"1800 talet","H 100 B36 L47",397,"Likadana stolar 4 st i Tv rummet, en fattas, Tidigare 7 st, 2.2.2010 blott 6 stolar","2016-04-27 10:59:04",,,
Property67312,"Svenska Klubben i Helsingfors",Room190965,"3N Spelsalen",Item1265821,"Praktspegel med fotbord",03/21/2017,1,0.00,500.00,Furniture,,,,,"H 315 x B 95",,"Gåva av Carl-Gustav Spåre, från början av 1900-talet, bord med marmorskiva, renoverades av Artegrafica (190 e), transportkostnad 200 e, Mustamaki.","2017-04-04 13:11:33",,"5YzlGTpgsnqAJnrtgTfznm.jpg, 5779vHoo2JwL2IwVMuEgpm.jpg",
Property67312,"Svenska Klubben i Helsingfors",Room190965,"3N Spelsalen",Item561840,"Runda nyrenässans bord",,2,0.00,400.00,Bord,,,,"Antagligen 1800 talets slut","Diam 61 h 77",144,"Bordet reparerades hos Tähtinen 2005, kostade 225 e.","2016-04-27 10:59:04",,3JlgS5MZFiegolpbiSpHt7.jpg,
Property67312,"Svenska Klubben i Helsingfors",Room190965,"3N Spelsalen",Item561870,Schackbord,,1,0.00,1200.00,Bord,,,,,"H 77x54x54",228,"Nyrenässans stil, metallhylla, dekorationer Har funnits på klubben redan 1921, Medlemsbladet 1/2001 s. 5","2016-04-27 10:59:04",,43EdPZzMxyoATKL2Zfu4W1.jpg,
Property67312,"Svenska Klubben i Helsingfors",Room190965,"3N Spelsalen",Item561831,"Sittande man, ""Don Sigurd""",,1,0.00,2000.00,Konst,,,,"Ilmari Huiti 1924 (1897-1960)","h 54x44",71,"Oljemålning på pannå, gåva av general konsul Sigurd Blomqvist år 1975, Målningen kallas också ""Den trötta agenten""","2016-04-27 10:59:04",,31Tg71SSeBnbC59BKch6II.jpg,
Property67312,"Svenska Klubben i Helsingfors",Room190965,"3N Spelsalen",Item561824,Soffbord,,2,0.00,200.00,Bord,,,,"1980 talet","Barock stil",65,"Det ena ovalt h 59 l 116 b 58 det andra fyrkantigt h 56 l 100 b 50 Ett liknande (söndrigt) finns i källaren","2016-04-27 10:59:04",,3lN5TleEImUgFL2cYAlm63.jpg,
Property67312,"Svenska Klubben i Helsingfors",Room190965,"3N Spelsalen",Item561896,"Soffbord runt",,2,0.00,1000.00,Bord,,,,"Tyylikaluste Lappalainen Lahtis","Diam 87 H 55",506,"OBS den andra i nedre hallen Med glasskiva. köpt fr. Kruunukaluste","2016-04-27 10:59:04",,,
Property67312,"Svenska Klubben i Helsingfors",Room190965,"3N Spelsalen",Item561873,Spelbord,,1,0.00,500.00,Bord,,,,"A Wasastjärna 1928",H73x80x80,230,"Grönt kläde och reglade ben 3 i källaren, totalt 4 bord","2016-04-27 10:59:04",,BcEEctqCmAF5hu5i4ytP.jpg,
Property67312,"Svenska Klubben i Helsingfors",Room190965,"3N Spelsalen",Item561876,"Spelbord med Perstorpskiva",,1,0.00,100.00,Bord,,,,"1970 talet",H74x78x78,231,,"2016-04-27 10:59:04",,,
Property67312,"Svenska Klubben i Helsingfors",Room190965,"3N Spelsalen",Item561886,"Stol Svenska Klubben svart",,1,0.00,500.00,Stolar,,,,,"H 98 b 44 L 44",308,"Utan armstöd, snyggt restaurerade, liknande i läsesalen se 235","2016-04-27 10:59:04",,,
Property67312,"Svenska Klubben i Helsingfors",Room190965,"3N Spelsalen",Item561853,"Takkrona 6 armar lampor med skärm",,1,0.00,300.00,Armatur,,,,"1980 talet","H 65 B ca 60",212,,"2016-04-27 10:59:04",,4k5iiK25OumeN4QIm1RKi7.jpg,
Property67312,"Svenska Klubben i Helsingfors",Room190965,"3N Spelsalen",Item561899,"Takkrona Holland 8 ljus",,1,695.00,750.00,Armatur,,,,,"H 55 B 70",529,"Prima skick, lampskärmar beställdes år2013 fr Töölön sähköhuolto","2016-04-27 10:59:04",,,
Property67312,"Svenska Klubben i Helsingfors",Room190965,"3N Spelsalen",Item561860,"Tryck, Dam ser ut från fönster",,1,0.00,150.00,Konst,,,,"1800 talet",h40x30,217,"Gava från BM 19.9.2003","2016-04-27 10:59:04",,4apCPi5CZK7HVcGLCTT1Cp.jpg,
Property67312,"Svenska Klubben i Helsingfors",Room190965,"3N Spelsalen",Item561890,"Vas Jianging 1796-1820",,1,0.00,700.00,Prydnadsf,,,,"1796-1820 Kina","H 40 B 22",332,"Gåva fr. Sällskapet 1955","2016-04-27 10:59:04",,2D3RAMRWE8CU4v2ihr3DGp.jpg,
Property67312,"Svenska Klubben i Helsingfors",Room190955,"3O Kansliet",Item561944,"Akvarell porträtt",,1,0.00,700.00,Konst,,,,"Hugo Backmansson 1931 (1860-1953)",h38x30,180,"Portratt av VH Carl Seth Olofson fr. Aland, advokat i Helsingfors, dod 4.7.1944","2016-04-27 10:59:04",,,
Property67312,"Svenska Klubben i Helsingfors",Room190955,"3O Kansliet",Item562059,"Amerikanskt antikskåp",,1,0.00,250.00,Sk,,,,"USA borjan av 1900 talet",120x120x60,536,"En rymlig byra behovdes till kansliet for uppevaradet av diverse prylar. Intendenten VK donerade skapet, som han hamtat med sig fran Washinton DC pa 1980 talet.","2016-04-27 10:59:04",,2WDV4rIfMIjjZjHZI1kizR.jpg,
Property67312,"Svenska Klubben i Helsingfors",Room190955,"3O Kansliet",Item562062,"Antik pulpet",,1,0.00,250.00,Sk,,,,USA,80x90x57,540,"Intendenten VK donerade pulpeten, som ar av samma typ som antikskapet med maritimt motiv nr 536","2016-04-27 10:59:04",,SQPTYgCwPuIytGn9jIYZv.jpg,
Property67312,"Svenska Klubben i Helsingfors",Room190955,"3O Kansliet",Item561967,"Arkivskåp med rulleau",,1,0.00,300.00,Sk,,,,"Asko eller motsv..","H 127 L 106 B 45",313,,"2016-04-27 10:59:04",,,
Property67312,"Svenska Klubben i Helsingfors",Room190955,"3O Kansliet",Item562047,Balloterinsurna,,1,0.00,500.00,,,,,,"H30 B12",465,"Av bjork, av tva delar, skold pa fot med lock, total renovering 4.7.2004, prima skick","2016-04-27 10:59:04",,,
Property67312,"Svenska Klubben i Helsingfors",Room190955,"3O Kansliet",Item561931,"Bjälklagets gamla minnestavla",,1,0.00,100.00,,,,,,,,"Gammal tavla, ersattes av en ny kombi tavla i Klubbsalen mars 2015","2016-04-27 10:59:04",,,
Property67312,"Svenska Klubben i Helsingfors",Room190955,"3O Kansliet",Item561973,"Bokhylla i ek",,1,0.00,400.00,Hyllor,,,,"1920 talet","H 120 L 200 B 40",315,,"2016-04-27 10:59:04",,,
Property67312,"Svenska Klubben i Helsingfors",Room190955,"3O Kansliet",Item561970,"Bokskap 2 glasdörrar AAA mod",,1,0.00,200.00,Sk,,,,"1900 talet","H 140 L118 B 35",314,"Liknande i kallaren","2016-04-27 10:59:04",,,
Property67312,"Svenska Klubben i Helsingfors",Room190955,"3O Kansliet",Item561925,"Bokskåp, tre delat med glasdörrar",,1,0.00,700.00,Sk,,,,"Billnas typ","h 117 l 86 b 26",67,,"2016-04-27 10:59:04",,,
Property67312,"Svenska Klubben i Helsingfors",Room190955,"3O Kansliet",Item561928,Bönematta,,1,0.00,250.00,Mattor,,,,,,70,"Har funnits i diverse stallen, korridoren spelsalen etc.","2016-04-27 10:59:04",,,
Property67312,"Svenska Klubben i Helsingfors",Room190955,"3O Kansliet",Item562058,"Bönematta liten",,1,0.00,50.00,Mattor,,,,,50x70,532,"Flyttats omkring, i kansliet jan 2015","2016-04-27 10:59:04",,1aqPBn7IugImfP62nJkfEA.jpg,
Property67312,"Svenska Klubben i Helsingfors",Room190955,"3O Kansliet",Item561922,"Bordslampa, svarvad träfot",,1,0.00,120.00,Armatur,,,,,"h 74x36",61,"Skarm med skeppsmotiv","2016-04-27 10:59:04",,140GJPAwMCMMjjvSO1zl3M.jpg,
Property67312,"Svenska Klubben i Helsingfors",Room190955,"3O Kansliet",Item562005,"Bronskandelaber 3 ljus",,1,0.00,450.00,Prydnadsf,,,,,"H 49 B 20",330,"Den andra av �ke Lydman donerade kandelabrar. Purchased at: Gva 1958","2016-04-27 10:59:04",,,
Property67312,"Svenska Klubben i Helsingfors",Room190955,"3O Kansliet",Item562031,"Collage med fotografier",,1,0.00,50.00,Prydnadsf,,,,,,339,"Bilder av klubbens 7 bibliotekarier","2016-04-27 10:59:04",,,
Property67312,"Svenska Klubben i Helsingfors",Room190955,"3O Kansliet",Item561976,"Etsning Councillor et al",,4,0.00,150.00,Konst,,,,"Axel Tallberg 1894",H16xB12,317,,"2016-04-27 10:59:04",,,
Property67312,"Svenska Klubben i Helsingfors",Room190955,"3O Kansliet",Item562065,"Flugklubbens standar",06/15/2015,1,150.00,150.00,Prydnadsf,,,,,,,,"2016-04-27 10:59:04",,,
Property67312,"Svenska Klubben i Helsingfors",Room190955,"3O Kansliet",Item562053,Flygelduk,,1,0.00,200.00,,,,,"1800 talet",150x150,520,"Paisley schal donerad av CE Estlander, prydligare skydd på flygeln emottogs 11.4.2007. Purchased at: Gåva","2016-04-27 10:59:04",,,
Property67312,"Svenska Klubben i Helsingfors",Room190955,"3O Kansliet",Item561989,"Gås uppstoppad",,1,0.00,500.00,Prydnadsf,,,,1996,"H 57 B 30",325,"Inforskaffades 3.12.1996 for att hedra Eirik Cronstedt pa hans 85 arsdag","2016-04-27 10:59:04",,17gOrJKwfNTLG3aKhV1Bhz.jpg,
Property67312,"Svenska Klubben i Helsingfors",Room190955,"3O Kansliet",Item561935,"Gipsrelief Gustav Vasa",,1,0.00,300.00,Konst,,,,,"H 110 X b 41",112,"Med 12 cm bred m�rk betsad tr�ram Sprickor fr v�nster till h�ger till kn�n och vaden","2016-04-27 10:59:04",,,
Property67312,"Svenska Klubben i Helsingfors",Room190955,"3O Kansliet",Item561938,"Gipsrelief Gustav Vasa",,1,0.00,400.00,Konst,,,,,"H 110 X b 41",114,"Väntar upphängning till övre trapphallen","2016-04-27 10:59:04",,,
Property67312,"Svenska Klubben i Helsingfors",Room190955,"3O Kansliet",Item562037,"Gonggong i brons med hammare",,1,0.00,150.00,,,,,,"Diam 22",342,,"2016-04-27 10:59:04",,,
Property67312,"Svenska Klubben i Helsingfors",Room190955,"3O Kansliet",Item561916,"Havet svallar",,1,0.00,300.00,Konst,,,,,"h 54x91",11,"Oljemålning av okänd konstnär","2016-04-27 10:59:04",,,
Property67312,"Svenska Klubben i Helsingfors",Room190955,"3O Kansliet",Item1101703,"Helsingfors vimpel",05/04/2016,1,0.00,30.00,Other,,,,,,,"Köpt fr. Stockmann, april 2016, används alternerande med klubbvimpeln vid huvudingången","2016-05-03 21:25:28",,,
Property67312,"Svenska Klubben i Helsingfors",Room190955,"3O Kansliet",Item562044,"Högtalarannläggning, gamla",,1,0.00,0.00,,,,,,,449,"LG skrivit, att denna kanske 20 år gamla har ersatts med en ny 2004.","2016-04-27 10:59:04",,,
Property67312,"Svenska Klubben i Helsingfors",Room190955,"3O Kansliet",Item561992,"Jackettklubbens standar",,1,0.00,100.00,Prydnadsf,,,,,"H 74",326,"Purchased at: 2007","2016-04-27 10:59:04",,,
Property67312,"Svenska Klubben i Helsingfors",Room190955,"3O Kansliet",Item562052,"Kandelaber for 5 ljus, mässing",,1,0.00,200.00,Prydnadsf,,,,"1920 talet","h 53 diam 38",512,"Donerades av Harry Paul med anl av klubben 125 ar, anvands av Strommingsakademien eller i samband med klubbaftnar i Spelsalen pa staende bord","2016-04-27 10:59:04",,,
Property67312,"Svenska Klubben i Helsingfors",Room190955,"3O Kansliet",Item562002,"Kandelaber i brons med 4 ljus",,1,0.00,600.00,Prydnadsf,,,,"From sekelskiftet 1800/1900","H 51,5 B 20",329,"Apotekare Åke Lydman har donerat 2 st","2016-04-27 10:59:04",,,
Property67312,"Svenska Klubben i Helsingfors",Room190955,"3O Kansliet",Item561957,Karmstol,,2,0.00,600.00,Stolar,,,,,,,"Fr�n 1900 talets b�rjan, ovanligt kraftiga armst�d, snyggt �verkl�dda med m�rkgr�nt tyg p� 1990 talet.","2016-04-27 10:59:04",,,
Property67312,"Svenska Klubben i Helsingfors",Room190955,"3O Kansliet",Item561983,Karta,,1,0.00,250.00,,,,,"1700 Homan","H 53 B 58",323,"Purchased at: Gåva 1908 Arro Roos ?","2016-04-27 10:59:04",,,
Property67312,"Svenska Klubben i Helsingfors",Room190955,"3O Kansliet",Item562063,Klubbemblem,12/15/2011,1,0.00,70.00,Prydnadsf,,,,"Tor Bagge, Ekenäs",25x25,543,"Klubbroder TB donerade emblemet 2011, tillverkad av färgad glas infälld i metallram.","2016-04-27 10:59:04",,,
Property67312,"Svenska Klubben i Helsingfors",Room190955,"3O Kansliet",Item562067,"Klubbord -skylt",05/15/2015,1,120.00,120.00,,,,,,"Tung mässing skylt ca 20 cm lang",,"Med text ""klubbord"", används på klubbaftnar for att indikera oppet bord for all klubbröder","2016-04-27 10:59:04",,1ZzgnF2SCIpF7bv8I32zcA.jpg,
Property67312,"Svenska Klubben i Helsingfors",Room190955,"3O Kansliet",Item562054,Klubbvimpel,,1,0.00,70.00,,,,,"Helsingin Lipputehdas Oy","För 8 meters stång",,"Förra fr 2007 ersattes me denna längre version. köpt fr. Stockmann","2016-04-27 10:59:04",,,
Property67312,"Svenska Klubben i Helsingfors",Room190955,"3O Kansliet",Item562051,"Laddningsapprat för microfonen",,1,0.00,20.00,,,,,,,510,"Icke i aktiv bruk!. Purchased at: Clas Ohlsson Hfors","2016-04-27 10:59:04",,,
Property67312,"Svenska Klubben i Helsingfors",Room190955,"3O Kansliet",Item562050,"Ljusstake av glas",,2,0.00,100.00,Prydnadsf,,,,,"H 18",509,"Av Handelsgillet på klubbens 125 jubileum.. Gåva","2016-04-27 10:59:04",,,
Property67312,"Svenska Klubben i Helsingfors",Room190955,"3O Kansliet",Item561948,"Matta Wilton",,1,0.00,200.00,Mattor,,,,Wilton,285x198,208,,"2016-04-27 10:59:04",,,
Property67312,"Svenska Klubben i Helsingfors",Room190955,"3O Kansliet",Item562024,"Medalj HBL 100 år brons",,1,0.00,50.00,,,,,1964,"Diam 7 cm",338,,"2016-04-27 10:59:04",,,
Property67312,"Svenska Klubben i Helsingfors",Room190955,"3O Kansliet",Item562015,"Medalj Lördagssällskapet",,1,0.00,100.00,,,,,,"Diam 7 cm",334,"Sällskapets Nestor i silver MCMLVI","2016-04-27 10:59:04",,,
Property67312,"Svenska Klubben i Helsingfors",Room190955,"3O Kansliet",Item562018,"Medalj MM brons",,1,0.00,50.00,,,,,,"Diam 9 cm",335,"Till Klubben p� 100 �rsdagen.","2016-04-27 10:59:04",,,
Property67312,"Svenska Klubben i Helsingfors",Room190955,"3O Kansliet",Item562028,"Medalj MM hyllar SK till 110 år",,1,0.00,100.00,,,,,1990,"Diam 9 cm",338,"MMs Medalj på mahogny underlag, hyllar SK 110 år","2016-04-27 10:59:04",,,
Property67312,"Svenska Klubben i Helsingfors",Room190955,"3O Kansliet",Item562021,"Medalj Svenska Teatern 100 år",,1,0.00,50.00,,,,,1966,"Diam 7 cm",336,Brons,"2016-04-27 10:59:04",,,
Property67312,"Svenska Klubben i Helsingfors",Room190955,"3O Kansliet",Item561980,"Medaljong Walter Runeberg",,1,0.00,100.00,Prydnadsf,,,,,"Diam 22",322,"Skada i kanterna","2016-04-27 10:59:04",,,
Property67312,"Svenska Klubben i Helsingfors",Room190955,"3O Kansliet",Item562011,"Namntavla, donatorer",,1,0.00,200.00,Prydnadsf,,,,1980,"H 70 B51",333,"Med 74 namnplåtar på grönt","2016-04-27 10:59:04",,,
Property67312,"Svenska Klubben i Helsingfors",Room190955,"3O Kansliet",Item562049,"Olika standar",,6,0.00,100.00,,,,,,,476,"Klubbens och MMs gemensamma, Klubbens egen (dubbelsidig), Torsdagsklubben, Viborgskavännernas, Jackettklubben, Strömmingsakademien (dubbelsidig)","2016-04-27 10:59:04",,,
Property67312,"Svenska Klubben i Helsingfors",Room190955,"3O Kansliet",Item561913,"Ordf ringklocka",10/30/2014,1,40.00,40.00,,,,,,"Ca 30 cm lng",544,"Används av ordf för att få uppmärksamhet och bringa ordning på möten","2016-04-27 10:59:04",,2VPjdBFySs70Qui8LQMsj2.jpg,
Property67312,"Svenska Klubben i Helsingfors",Room190955,"3O Kansliet",Item562060,"Porträtt av Ossian Donner, etsning",,1,0.00,1800.00,Konst,,,,"Akseli Gallen-Kallela","Ca 25x30",537,"Donerades till klubben av dåvarande styrelsesekreteraren VH Jean-Louis Lauren. Purchased at: Gåva 2010","2016-04-27 10:59:04",,,
Property67312,"Svenska Klubben i Helsingfors",Room190955,"3O Kansliet",Item562008,"Samovaren, brännvinskylare",,1,0.00,2500.00,,,,,,"H 65 B 27",,"Wiklund+Morelius inköpt fr. Bukowskis för 8250 mk, till klubben 1989, Tre kranar med silver namnbrickor för olika brännvinssorter, som avnjuts särskilt på säsongsavslutningen","2016-04-27 10:59:04",,,
Property67312,"Svenska Klubben i Helsingfors",Room190955,"3O Kansliet",Item562055,"Skrin för balloterigs urna...",,1,0.00,1000.00,,,,,"Snickargruppen under C-E Spres ledning","H21 L 42 B 26",523,"... och ordf klubba Ursprungliga skrinet av papp!!! Ersattes av ett nytt skrin, som utvecklades efter iden från Strömmingsakademien. Snickaräldermannen Spåre tillsammans med Rolf Kokkola och enligt Lennart Gripenbergs ritningar lagades ett inköpt skrin om och pryddes med klubbens emblem.","2016-04-27 10:59:04",,,
Property67312,"Svenska Klubben i Helsingfors",Room190955,"3O Kansliet",Item561951,"Skrivbord av ek",,1,0.00,1200.00,Bord,,,,"Mbelfabriken Westerlund","H 75 L 180 B 90",305,"Tillverkad p� 1930 talet, best�llningsarbete, f�r Eiriks sv�rfars sv�ger. Bordet har tre bordsl�dor och tv� sidosk�p.. Purchased at: Gva 1940 talet av Eirik Cronstedt","2016-04-27 10:59:04",,,
Property67312,"Svenska Klubben i Helsingfors",Room190955,"3O Kansliet",Item562041,"Skrivmaskin Adler",,1,0.00,50.00,,,,,Adler,,343,"Gammal maskin ej i aktiv bruk!","2016-04-27 10:59:04",,,
Property67312,"Svenska Klubben i Helsingfors",Room190955,"3O Kansliet",Item562056,Snapsbutelj,,6,0.00,120.00,Prydnadsf,,,,"Glasbruk Reijmyre, Sverige","500 gr snaps",525,"Med klubbens emblem, gåvoartikkel Ursprungliga antalet 12 minskar, överlämnad bl a till MM, SvenskaKlubben i Borgå, East India Club, Norske selskapet.","2016-04-27 10:59:04",,,
Property67312,"Svenska Klubben i Helsingfors",Room190955,"3O Kansliet",Item561961,"Soffbord 1950 talets slut",,1,0.00,100.00,Bord,,,,,"H 56 L 85 B 55 ovalt",310,"Dåligt skick!. Purchased at: Stockmann","2016-04-27 10:59:04",,,
Property67312,"Svenska Klubben i Helsingfors",Room190955,"3O Kansliet",Item561964,"Spelbord nyränessans",,1,0.00,700.00,Bord,,,,,"1800 talets slut",311,"Anvands som maskinskrivningsbord","2016-04-27 10:59:04",,,
Property67312,"Svenska Klubben i Helsingfors",Room190955,"3O Kansliet",Item562046,"Staffli av bok",,1,0.00,100.00,,,,,,160x58,100,"Inhandlat för Eirik Cronstedts porträttavtäckning 2001, har använts även senare","2016-04-27 10:59:04",,,
Property67312,"Svenska Klubben i Helsingfors",Room190955,"3O Kansliet",Item562045,Stålfat,,1,0.00,100.00,Prydnadsf,,,,Jaro,"31,5x31,5",456,"Med svart graverat skepp Concordia af Jacobstad. Purchased at: Gava 1980 Jakobstads kl.","2016-04-27 10:59:04",,,
Property67312,"Svenska Klubben i Helsingfors",Room190955,"3O Kansliet",Item562034,"Standar Grönt med märke",,1,0.00,100.00,Prydnadsf,,,,,"H 46",340,"Pa silverplakett: SK 100 ar 10.10.1980 Absid et Interitus BM?","2016-04-27 10:59:04",,,
Property67312,"Svenska Klubben i Helsingfors",Room190955,"3O Kansliet",Item561954,"Stol i barockstil hög rygg",,1,0.00,700.00,Stolar,,,,"1800 talet","H 119 B 67 L 56",306,"Anvands som skribordsstol","2016-04-27 10:59:04",,,
Property67312,"Svenska Klubben i Helsingfors",Room190955,"3O Kansliet",Item562066,"Tavla, Klubbhuset",10/09/2015,1,0.00,150.00,Konst,,,,"Serigrafi 99/100","ca 38x25",,"Donerades av avlidne klubbroder Jarl-Erik Lagerblads fru Hjordis Lagerblad, mottogs av exordforanden Magnus Stahlberg, Sign. PoN 78. Purchased at: Gava","2016-04-27 10:59:04",,"6PK66E5LTxUDDSUuvmx5aO.jpg, 5ZIxYF2wW84PUbEmDKQsbM.jpg",
Property67312,"Svenska Klubben i Helsingfors",Room190955,"3O Kansliet",Item562048,"Tegelsten märkt STENSWIK",,1,0.00,50.00,,,,,"Kanske slutet V 1800 talet","14x28,5x8",477,"Henrik Degerman, intendent av Stenswiks gård invid Borgå fann detta pa skräpflaket utanför klubben 2004! Används som dörrkloss i kansliet.","2016-04-27 10:59:04",,,
Property67312,"Svenska Klubben i Helsingfors",Room190955,"3O Kansliet",Item561996,"Tennpokal 1930 talet på träfot",,1,0.00,100.00,Prydnadsf,,,,1930,"H 20",327,"Fragesport pris donation av VH Runar Hallstrom (100 ars... sid. 143) Jfr nr 328","2016-04-27 10:59:04",,,
Property67312,"Svenska Klubben i Helsingfors",Room190955,"3O Kansliet",Item561986,"Tryck Sällskapets byggn Stholm",,1,0.00,50.00,Konst,,,,,"H29 B 38",324,"Gåva av Sällskapet på klubbens Soare med damer sept 2000.","2016-04-27 10:59:04",,,
Property67312,"Svenska Klubben i Helsingfors",Room190955,"3O Kansliet",Item561941,"Tryck Viborg plan",,1,0.00,100.00,Konst,,,,"Henrik Rosenius",h42xb54,176,"Tryckeri Printaco Dåligt skick","2016-04-27 10:59:04",,,
Property67312,"Svenska Klubben i Helsingfors",Room190955,"3O Kansliet",Item562061,"Tryck, entre, Royal Bachelors Club",,1,0.00,50.00,Prydnadsf,,,,,"Ca 25x35",538,"Donerades av RBC Gotenorg 3.11.2011 i samband med Nordiska Klubbmotet i Hfors","2016-04-27 10:59:04",,,
Property67312,"Svenska Klubben i Helsingfors",Room190955,"3O Kansliet",Item561999,"Vas, försilvrad mässing",,1,0.00,150.00,Prydnadsf,,,,,"H 35,5 B 13",328,"Jugend stil, till klubben 1950, sliten","2016-04-27 10:59:04",,,
Property67312,"Svenska Klubben i Helsingfors",Room190955,"3O Kansliet",Item562057,Videokanon,,1,890.00,890.00,,,,,Epson,EB-WB,M58F9x0424l,"Med väska","2016-04-27 10:59:04",,,
Property67312,"Svenska Klubben i Helsingfors",Room190956,"3P Vinden Skrubben Invid Hissen",Item562068,Spegelbord,,1,0.00,1000.00,Bord,,,,"1800 talet","H 78 L 113 B 58",222,"Empirestil med träbordskiva, dåligt skick, till vinden 2009","2016-04-27 10:59:04",,,
